loss,accuracy,val_loss,val_accuracy,lr
0.9178924560546875,0.24561403691768646,2.582803964614868,0.25,0.001
0.5160502791404724,0.8771929740905762,1.656389832496643,0.5,0.001
0.2698097825050354,0.9298245906829834,0.8999386429786682,0.75,0.001
0.17852053046226501,0.9824561476707458,0.9012934565544128,0.7083333134651184,0.001
0.12108612060546875,0.9824561476707458,0.9897698760032654,0.6666666865348816,0.001
0.08050143718719482,0.9824561476707458,1.0899118185043335,0.6666666865348816,0.001
0.05471194162964821,0.9824561476707458,1.206626534461975,0.6666666865348816,0.001
0.039059437811374664,0.9824561476707458,1.342154622077942,0.6666666865348816,0.001
0.028478462249040604,1.0,1.4950727224349976,0.6666666865348816,0.001
0.020136315375566483,1.0,1.6500482559204102,0.6666666865348816,0.001
0.013657511211931705,1.0,1.7969603538513184,0.6666666865348816,0.001
0.009429908357560635,1.0,1.9271087646484375,0.6666666865348816,0.001
0.0069160801358520985,1.0,2.036069631576538,0.6666666865348816,0.001
0.0053493557497859,1.0,2.119649887084961,0.6666666865348816,0.001
0.004294144921004772,1.0,2.1793901920318604,0.6666666865348816,0.001
0.0035321651957929134,1.0,2.2186832427978516,0.6666666865348816,0.001
0.0029811300337314606,1.0,2.2437546253204346,0.6666666865348816,0.001
0.002591607393696904,1.0,2.2588233947753906,0.6666666865348816,0.001
0.0023162991274148226,1.0,2.270192861557007,0.6666666865348816,0.001
0.0021185840014368296,1.0,2.2832794189453125,0.6666666865348816,0.001
0.001963709481060505,1.0,2.3022923469543457,0.6666666865348816,0.001
0.0018360172398388386,1.0,2.333507776260376,0.6666666865348816,0.001
0.0017191069200634956,1.0,2.375575542449951,0.6666666865348816,0.001
0.001607922138646245,1.0,2.430389165878296,0.6666666865348816,0.001
0.0015012911753728986,1.0,2.496659994125366,0.6666666865348816,0.001
0.0014009454753249884,1.0,2.570553779602051,0.6666666865348816,0.001
0.0013106135884299874,1.0,2.6473283767700195,0.6666666865348816,0.001
0.0012315382482483983,1.0,2.72139573097229,0.6666666865348816,0.001
0.0011633975664153695,1.0,2.790482759475708,0.6666666865348816,0.001
0.0011038286611437798,1.0,2.8488330841064453,0.6666666865348816,0.001
0.00104951998218894,1.0,2.8958256244659424,0.6666666865348816,0.001
0.0009970954852178693,1.0,2.928377151489258,0.6666666865348816,0.001
0.0009457087144255638,1.0,2.948721170425415,0.6666666865348816,0.001
0.0008954046061262488,1.0,2.957508087158203,0.7083333134651184,0.001
0.0008491768967360258,1.0,2.9578704833984375,0.7083333134651184,0.001
0.0008076450321823359,1.0,2.9520692825317383,0.7083333134651184,0.001
0.000772667583078146,1.0,2.9425880908966064,0.7083333134651184,0.001
0.0007436226005665958,1.0,2.9298083782196045,0.7083333134651184,0.001
0.0007188221206888556,1.0,2.9160397052764893,0.7083333134651184,0.001
0.0006984195206314325,1.0,2.901160955429077,0.7083333134651184,0.001
0.0006804343429394066,1.0,2.886784791946411,0.75,0.001
0.0006647841073572636,1.0,2.87280535697937,0.75,0.001
0.0006503686308860779,1.0,2.8601999282836914,0.7916666865348816,0.001
0.000637209159322083,1.0,2.8481969833374023,0.7916666865348816,0.001
0.0006244010291993618,1.0,2.8377726078033447,0.7916666865348816,0.001
0.0006126692751422524,1.0,2.8274593353271484,0.7916666865348816,0.001
0.0006005681934766471,1.0,2.8171579837799072,0.7916666865348816,0.001
0.0005890648462809622,1.0,2.806760787963867,0.75,0.001
0.0005782698863185942,1.0,2.7968814373016357,0.7083333134651184,0.001
0.0005670301034115255,1.0,2.787085771560669,0.7083333134651184,0.001
0.0005564733874052763,1.0,2.777221918106079,0.7083333134651184,0.001
0.0005461734253913164,1.0,2.7659614086151123,0.75,0.001
0.0005362535594031215,1.0,2.754096031188965,0.75,0.001
0.0005265193758532405,1.0,2.741950035095215,0.75,0.001
0.0005177544662728906,1.0,2.7293148040771484,0.75,0.001
0.0005092211649753153,1.0,2.7155792713165283,0.75,0.001
0.0005012705805711448,1.0,2.7013490200042725,0.75,0.001
0.000493351137265563,1.0,2.686155080795288,0.75,0.001
0.0004863864160142839,1.0,2.6704013347625732,0.75,0.001
0.00047948621795512736,1.0,2.6535253524780273,0.75,0.001
0.000473300606245175,1.0,2.6357030868530273,0.75,0.001
0.00046702075633220375,1.0,2.6171886920928955,0.75,0.001
0.0004612966731656343,1.0,2.598325729370117,0.75,0.001
0.0004557500942610204,1.0,2.5784127712249756,0.75,0.001
0.0004504103271756321,1.0,2.558041572570801,0.75,0.001
0.00044531296589411795,1.0,2.5368473529815674,0.75,0.001
0.0004402991326060146,1.0,2.5156660079956055,0.75,0.001
0.00043563006329350173,1.0,2.4931957721710205,0.75,0.001
0.0004308146599214524,1.0,2.470736265182495,0.75,0.001
0.00042606197530403733,1.0,2.447702646255493,0.75,0.001
0.0004217376990709454,1.0,2.4243011474609375,0.75,0.001
0.000417442643083632,1.0,2.4012622833251953,0.75,0.001
0.00041307025821879506,1.0,2.3780133724212646,0.75,0.001
0.00040885250200517476,1.0,2.3542227745056152,0.75,0.001
0.0004048082046210766,1.0,2.3304059505462646,0.75,0.001
0.00040090808761306107,1.0,2.3065741062164307,0.75,0.001
0.00039692645077593625,1.0,2.2830255031585693,0.75,0.001
0.00039315377944149077,1.0,2.25978684425354,0.75,0.001
0.0003892807580996305,1.0,2.2372422218322754,0.75,0.001
0.0003857671981677413,1.0,2.215355157852173,0.75,0.001
0.0003820258134510368,1.0,2.193857192993164,0.75,0.001
0.00037862086901441216,1.0,2.1721270084381104,0.75,0.001
0.00037496304139494896,1.0,2.151129961013794,0.75,0.001
0.00037152256118133664,1.0,2.1305205821990967,0.75,0.001
0.0003681948874145746,1.0,2.1099865436553955,0.75,0.001
0.00036499681300483644,1.0,2.089890241622925,0.75,0.001
0.00036180083407089114,1.0,2.0699851512908936,0.75,0.001
0.00035843136720359325,1.0,2.051103353500366,0.75,0.001
0.00035523527185432613,1.0,2.032188653945923,0.75,0.001
0.00035216467222198844,1.0,2.0131747722625732,0.75,0.001
0.00034911700640805066,1.0,1.994758129119873,0.75,0.001
0.00034614664036780596,1.0,1.976290225982666,0.75,0.001
0.0003432118392083794,1.0,1.9583269357681274,0.75,0.001
0.000340051221428439,1.0,1.9406719207763672,0.75,0.001
0.0003372167411725968,1.0,1.9228357076644897,0.75,0.001
0.0003341940464451909,1.0,1.905288815498352,0.75,0.001
0.0003314117493573576,1.0,1.8879050016403198,0.75,0.001
0.0003285145212430507,1.0,1.8703659772872925,0.75,0.001
0.0003257363860029727,1.0,1.8530516624450684,0.75,0.001
0.0003229226858820766,1.0,1.8354264497756958,0.75,0.001
0.00032005878165364265,1.0,1.817575454711914,0.75,0.001
0.0003174582961946726,1.0,1.7993379831314087,0.75,0.001
0.00031473860144615173,1.0,1.7810988426208496,0.75,0.001
0.00031213180045597255,1.0,1.7621670961380005,0.75,0.001
0.0003098197339568287,1.0,1.7427457571029663,0.75,0.001
0.00030768124270252883,1.0,1.7226543426513672,0.75,0.001
0.0003055657143704593,1.0,1.7024426460266113,0.75,0.001
0.00030307818087749183,1.0,1.6821231842041016,0.75,0.001
0.00030068258638493717,1.0,1.6613364219665527,0.75,0.001
0.00029812604770995677,1.0,1.6407642364501953,0.75,0.001
0.00029568871832452714,1.0,1.6204394102096558,0.75,0.001
0.0002933788055088371,1.0,1.6006375551223755,0.75,0.001
0.0002913510543294251,1.0,1.5812548398971558,0.75,0.001
0.00028940069023519754,1.0,1.5622233152389526,0.75,0.001
0.000287335307803005,1.0,1.5439666509628296,0.75,0.001
0.0002854078193195164,1.0,1.5265885591506958,0.75,0.001
0.0002833382459357381,1.0,1.5096577405929565,0.75,0.001
0.0002811599406413734,1.0,1.4930477142333984,0.75,0.001
0.00027903803857043386,1.0,1.477440357208252,0.75,0.001
0.00027713357121683657,1.0,1.4622381925582886,0.75,0.001
0.000275128724751994,1.0,1.44757878780365,0.75,0.001
0.0002734060981310904,1.0,1.4330066442489624,0.75,0.001
0.00027150995447300375,1.0,1.4186512231826782,0.75,0.001
0.0002696660521905869,1.0,1.4047905206680298,0.7916666865348816,0.001
0.0002676737494766712,1.0,1.3912466764450073,0.7916666865348816,0.001
0.0002658027224242687,1.0,1.377953052520752,0.7916666865348816,0.001
0.00026394001906737685,1.0,1.364846110343933,0.7916666865348816,0.001
0.0002620459708850831,1.0,1.352315068244934,0.7916666865348816,0.001
0.0002604132459964603,1.0,1.3400949239730835,0.7916666865348816,0.001
0.00025866340729407966,1.0,1.3281720876693726,0.7916666865348816,0.001
0.00025701604317873716,1.0,1.31671941280365,0.7916666865348816,0.001
0.00025523066869936883,1.0,1.3055094480514526,0.7916666865348816,0.001
0.00025350801297463477,1.0,1.2947124242782593,0.7916666865348816,0.001
0.0002517289249226451,1.0,1.2840287685394287,0.7916666865348816,0.001
0.00025011494290083647,1.0,1.273516297340393,0.7916666865348816,0.001
0.00024850512272678316,1.0,1.2633737325668335,0.7916666865348816,0.001
0.0002469079045113176,1.0,1.2532403469085693,0.7916666865348816,0.001
0.00024535873671993613,1.0,1.2432494163513184,0.7916666865348816,0.001
0.0002437802468193695,1.0,1.2332500219345093,0.7916666865348816,0.001
0.00024230008421000093,1.0,1.2232526540756226,0.7916666865348816,0.001
0.0002406839921604842,1.0,1.2135275602340698,0.7916666865348816,0.001
0.00023917037469800562,1.0,1.2040766477584839,0.7916666865348816,0.001
0.00023760448675602674,1.0,1.1945229768753052,0.7916666865348816,0.001
0.00023601138673257083,1.0,1.1850507259368896,0.7916666865348816,0.001
0.00023452701861970127,1.0,1.1758449077606201,0.7916666865348816,0.001
0.00023303010675590485,1.0,1.1669106483459473,0.7916666865348816,0.001
0.00023166488972492516,1.0,1.1578710079193115,0.7916666865348816,0.001
0.0002303498622495681,1.0,1.1491719484329224,0.7916666865348816,0.001
0.00022884666395839304,1.0,1.1404837369918823,0.7916666865348816,0.001
0.00022747725597582757,1.0,1.1320232152938843,0.7916666865348816,0.001
0.00022603466641157866,1.0,1.1234787702560425,0.7916666865348816,0.001
0.00022477605671156198,1.0,1.1150939464569092,0.7916666865348816,0.001
0.00022334183449856937,1.0,1.106669306755066,0.7916666865348816,0.001
0.00022192223696038127,1.0,1.0984035730361938,0.7916666865348816,0.001
0.00022063436335884035,1.0,1.0900977849960327,0.7916666865348816,0.001
0.00021922729501966387,1.0,1.08195960521698,0.7916666865348816,0.001
0.00021788294543512166,1.0,1.0739020109176636,0.7916666865348816,0.001
0.00021661390201188624,1.0,1.0659222602844238,0.7916666865348816,0.001
0.00021531972743105143,1.0,1.058005452156067,0.7916666865348816,0.001
0.00021411129273474216,1.0,1.0501998662948608,0.7916666865348816,0.001
0.0002128902851836756,1.0,1.0424717664718628,0.7916666865348816,0.001
0.00021165884390939027,1.0,1.0348385572433472,0.7916666865348816,0.001
0.0002103939332300797,1.0,1.027420163154602,0.7916666865348816,0.001
0.00020914158085361123,1.0,1.0200752019882202,0.7916666865348816,0.001
0.00020787039829883724,1.0,1.0128445625305176,0.7916666865348816,0.001
0.0002064904838334769,1.0,1.0057153701782227,0.7916666865348816,0.001
0.00020543884602375329,1.0,0.9986863136291504,0.7916666865348816,0.001
0.00020426802802830935,1.0,0.9917923808097839,0.7916666865348816,0.001
0.0002031598996836692,1.0,0.9849386811256409,0.7916666865348816,0.001
0.00020194932585582137,1.0,0.9780688881874084,0.7916666865348816,0.001
0.00020084540301468223,1.0,0.9714511036872864,0.7916666865348816,0.001
0.00019975400937255472,1.0,0.9645392298698425,0.7916666865348816,0.001
0.00019863125635311007,1.0,0.9578295350074768,0.7916666865348816,0.001
0.0001975356717593968,1.0,0.9510504603385925,0.7916666865348816,0.001
0.00019631047325674444,1.0,0.944416344165802,0.7916666865348816,0.001
0.00019518773478921503,1.0,0.9376839995384216,0.7916666865348816,0.001
0.00019416111172176898,1.0,0.9312715530395508,0.7916666865348816,0.001
0.00019306346075609326,1.0,0.9247588515281677,0.7916666865348816,0.001
0.00019198251538909972,1.0,0.9183974266052246,0.7916666865348816,0.001
0.00019092873844783753,1.0,0.9121310114860535,0.7916666865348816,0.001
0.0001899063354358077,1.0,0.9059379696846008,0.7916666865348816,0.001
0.00018892365915235132,1.0,0.8996574878692627,0.7916666865348816,0.001
0.00018791796173900366,1.0,0.8940792679786682,0.7916666865348816,0.0005
0.00018745170382317156,1.0,0.8885960578918457,0.7916666865348816,0.0005
0.00018686628027353436,1.0,0.8829731345176697,0.7916666865348816,0.0005
0.00018636656750459224,1.0,0.8776395320892334,0.7916666865348816,0.0005
0.00018587939848657697,1.0,0.8722549080848694,0.7916666865348816,0.0005
0.00018537550931796432,1.0,0.8668519854545593,0.7916666865348816,0.0005
0.0001847733510658145,1.0,0.861583411693573,0.7916666865348816,0.0005
0.00018420880951453,1.0,0.856301486492157,0.7916666865348816,0.0005
0.00018370912584941834,1.0,0.8511579632759094,0.7916666865348816,0.0005
0.00018328467558603734,1.0,0.8462522029876709,0.7916666865348816,0.0005
0.00018281633674632758,1.0,0.8412017226219177,0.7916666865348816,0.0005
0.00018230198475066572,1.0,0.8362557291984558,0.7916666865348816,0.0005
0.0001818545424612239,1.0,0.8313190937042236,0.7916666865348816,0.0005
0.0001814050046959892,1.0,0.8263390064239502,0.7916666865348816,0.0005
0.00018093457038048655,1.0,0.8215851783752441,0.7916666865348816,0.0005
0.0001804787607397884,1.0,0.816914975643158,0.7916666865348816,0.0005
0.00018002295109909028,1.0,0.8120858669281006,0.7916666865348816,0.0005
0.0001794960699044168,1.0,0.8074085116386414,0.7916666865348816,0.0005
0.00017899634258355945,1.0,0.8027858138084412,0.7916666865348816,0.0005
0.00017851545999292284,1.0,0.7982445359230042,0.7916666865348816,0.0005
0.00017806592222768813,1.0,0.793644905090332,0.7916666865348816,0.0005
0.00017762684728950262,1.0,0.7891280651092529,0.7916666865348816,0.0005
0.00017712921544443816,1.0,0.7847535014152527,0.7916666865348816,0.0005
0.00017669433145783842,1.0,0.7804780602455139,0.7916666865348816,0.0005
0.00017621132428757846,1.0,0.7760722041130066,0.7916666865348816,0.0005
0.00017571580247022212,1.0,0.7717099189758301,0.7916666865348816,0.0005
0.00017526625015307218,1.0,0.7675029635429382,0.7916666865348816,0.0005
0.00017476653738413006,1.0,0.7633816599845886,0.7916666865348816,0.0005
0.0001743483735481277,1.0,0.7593006491661072,0.7916666865348816,0.0005
0.0001738716528052464,1.0,0.7552646994590759,0.7916666865348816,0.0005
0.00017344928346574306,1.0,0.7512180805206299,0.7916666865348816,0.0005
0.00017301022307947278,1.0,0.7472105026245117,0.7916666865348816,0.0005
0.0001725460315356031,1.0,0.7433180809020996,0.7916666865348816,0.0005
0.00017204423784278333,1.0,0.739425003528595,0.8333333134651184,0.0005
0.0001716406986815855,1.0,0.7357137799263,0.8333333134651184,0.0005
0.0001711618824629113,1.0,0.7318716049194336,0.8333333134651184,0.0005
0.00017074999050237238,1.0,0.7282055020332336,0.8333333134651184,0.0005
0.00017034226038958877,1.0,0.7246265411376953,0.8333333134651184,0.0005
0.00016983416571747512,1.0,0.7209907174110413,0.8333333134651184,0.0005
0.00016936371685005724,1.0,0.7174932956695557,0.8333333134651184,0.0005
0.00016890371625777334,1.0,0.7139606475830078,0.8333333134651184,0.0005
0.00016842910554260015,1.0,0.7105708122253418,0.8333333134651184,0.0005
0.00016798166325315833,1.0,0.7070934176445007,0.8333333134651184,0.0005
0.00016754675016272813,1.0,0.7037124633789062,0.8333333134651184,0.0005
0.00016713066725060344,1.0,0.7004335522651672,0.8333333134651184,0.0005
0.00016669784963596612,1.0,0.6971840262413025,0.8333333134651184,0.0005
0.00016627339937258512,1.0,0.6940758228302002,0.8333333134651184,0.0005
0.00016585103003308177,1.0,0.690960168838501,0.8333333134651184,0.0005
0.00016544958634767681,1.0,0.6878702044487,0.8333333134651184,0.0005
0.00016496448370162398,1.0,0.6847805380821228,0.8333333134651184,0.0005
0.00016458812751807272,1.0,0.682030975818634,0.8333333134651184,0.00025
0.0001643873838474974,1.0,0.6793813109397888,0.8333333134651184,0.00025
0.00016421594773419201,1.0,0.6767198443412781,0.8333333134651184,0.00025
0.00016401104221586138,1.0,0.6740751266479492,0.8333333134651184,0.00025
0.00016378941654693335,1.0,0.671442985534668,0.8333333134651184,0.00025
0.0001635844964766875,1.0,0.668994128704071,0.8333333134651184,0.00025
0.0001633231295272708,1.0,0.6664906144142151,0.8333333134651184,0.00025
0.00016310985665768385,1.0,0.6639594435691833,0.8333333134651184,0.00025
0.00016294675879180431,1.0,0.6615436673164368,0.8333333134651184,0.00025
0.0001627042074687779,1.0,0.6591777205467224,0.8333333134651184,0.00025
0.00016247840540017933,1.0,0.6566457748413086,0.8333333134651184,0.00025
0.00016229439643211663,1.0,0.6542015075683594,0.8333333134651184,0.00025
0.00016210203466471285,1.0,0.651921808719635,0.8333333134651184,0.00025
0.00016184693959075958,1.0,0.6494810581207275,0.8333333134651184,0.00025
0.00016160649829544127,1.0,0.6471917033195496,0.8333333134651184,0.00025
0.00016135349869728088,1.0,0.6449448466300964,0.8333333134651184,0.00025
0.00016114022582769394,1.0,0.6426579356193542,0.8333333134651184,0.00025
0.00016089348355308175,1.0,0.6404250264167786,0.8333333134651184,0.00025
0.00016066350508481264,1.0,0.6382491588592529,0.8333333134651184,0.00025
0.00016047740064095706,1.0,0.6361663937568665,0.8333333134651184,0.00025
0.00016028086247388273,1.0,0.633953869342804,0.8333333134651184,0.00025
0.00016009894898161292,1.0,0.631875216960907,0.8333333134651184,0.00025
0.00015985638310667127,1.0,0.6298399567604065,0.8333333134651184,0.00025
0.00015968493244145066,1.0,0.6279158592224121,0.8333333134651184,0.00025
0.00015950512897688895,1.0,0.625899612903595,0.8333333134651184,0.00025
0.00015931694360915571,1.0,0.6239833831787109,0.8333333134651184,0.00025
0.00015907021588645875,1.0,0.6220223307609558,0.8333333134651184,0.00025
0.0001588924933457747,1.0,0.6201750636100769,0.8333333134651184,0.00025
0.000158708484377712,1.0,0.6182569861412048,0.8333333134651184,0.00025
0.00015846175665501505,1.0,0.6162643432617188,0.8333333134651184,0.00025
0.00015826310846023262,1.0,0.6143957376480103,0.8333333134651184,0.00025
0.00015807074669282883,1.0,0.6125460267066956,0.8333333134651184,0.00025
0.00015780729881953448,1.0,0.6108701825141907,0.8333333134651184,0.00025
0.00015761076065246016,1.0,0.6090252995491028,0.8333333134651184,0.00025
0.00015746230201330036,1.0,0.6073049306869507,0.8333333134651184,0.00025
0.00015719258226454258,1.0,0.6055940985679626,0.8333333134651184,0.00025
0.0001569604646647349,1.0,0.6038844585418701,0.8333333134651184,0.00025
0.00015671165601816028,1.0,0.6021756529808044,0.8333333134651184,0.00025
0.00015651510329917073,1.0,0.6005863547325134,0.8333333134651184,0.00025
0.0001562955731060356,1.0,0.5990806221961975,0.8333333134651184,0.00025
0.00015614292351529002,1.0,0.5974127054214478,0.8333333134651184,0.00025
0.0001559380179969594,1.0,0.5958079695701599,0.8333333134651184,0.00025
0.00015577490557916462,1.0,0.594329297542572,0.8333333134651184,0.00025
0.00015554700803477317,1.0,0.5928680896759033,0.8333333134651184,0.00025
0.00015528773656114936,1.0,0.5913363099098206,0.8333333134651184,0.00025
0.00015508700744248927,1.0,0.5898959040641785,0.8333333134651184,0.00025
0.00015487580094486475,1.0,0.5885300636291504,0.8333333134651184,0.00025
0.0001546688290545717,1.0,0.5871269702911377,0.8333333134651184,0.00025
0.00015446598990820348,1.0,0.5857287049293518,0.8333333134651184,0.00025
0.00015423809236381203,1.0,0.5843715667724609,0.8333333134651184,0.00025
0.0001540666416985914,1.0,0.582990825176239,0.8333333134651184,0.00025
0.00015382617129944265,1.0,0.5816471576690674,0.8333333134651184,0.00025
0.00015361080295406282,1.0,0.5803149342536926,0.8333333134651184,0.00025
0.0001534205221105367,1.0,0.5790257453918457,0.8333333134651184,0.00025
0.00015325324784498662,1.0,0.5777401328086853,0.8333333134651184,0.00025
0.00015305251872632653,1.0,0.5766231417655945,0.8333333134651184,0.00025
0.00015286852431017905,1.0,0.57536780834198,0.8333333134651184,0.00025
0.00015269078721757978,1.0,0.574246346950531,0.8333333134651184,0.00025
0.00015245660324580967,1.0,0.5730401873588562,0.8333333134651184,0.00025
0.00015228097618091851,1.0,0.5719621181488037,0.8333333134651184,0.00025
0.0001520635123597458,1.0,0.5708808898925781,0.8333333134651184,0.00025
0.00015185651136562228,1.0,0.5697439312934875,0.8333333134651184,0.00025
0.00015163068019319326,1.0,0.5686310529708862,0.8333333134651184,0.00025
0.00015141323092393577,1.0,0.5675411820411682,0.8333333134651184,0.00025
0.00015121878823265433,1.0,0.5664653182029724,0.8333333134651184,0.00025
0.00015102431643754244,1.0,0.5654073357582092,0.8333333134651184,0.00025
0.0001508068380644545,1.0,0.5643948316574097,0.8333333134651184,0.00025
0.00015064376930240542,1.0,0.563323438167572,0.8333333134651184,0.00025
0.0001504639512859285,1.0,0.5623211860656738,0.8333333134651184,0.00025
0.00015022975276224315,1.0,0.5613787174224854,0.8333333134651184,0.00025
0.00015001649444457144,1.0,0.5604214072227478,0.8333333134651184,0.00025
0.00014982829452492297,1.0,0.5595169067382812,0.8333333134651184,0.00025
0.00014959830150473863,1.0,0.5585328936576843,0.8333333134651184,0.00025
0.0001493724703323096,1.0,0.5575715899467468,0.8333333134651184,0.00025
0.0001491445436840877,1.0,0.5567174553871155,0.8333333134651184,0.00025
0.00014894591004122049,1.0,0.5558350086212158,0.8333333134651184,0.00025
0.00014878908405080438,1.0,0.5548964142799377,0.8333333134651184,0.00025
0.00014858417853247374,1.0,0.5540453791618347,0.8333333134651184,0.00025
0.00014838344941381365,1.0,0.5532098412513733,0.8333333134651184,0.00025
0.00014814507449045777,1.0,0.5523806214332581,0.8333333134651184,0.00025
0.00014796944742556661,1.0,0.5515231490135193,0.8333333134651184,0.00025
0.0001477310579502955,1.0,0.5506921410560608,0.8333333134651184,0.00025
0.0001475512544857338,1.0,0.5498713850975037,0.8333333134651184,0.00025
0.00014740070037078112,1.0,0.5490959286689758,0.8333333134651184,0.00025
0.0001471853320254013,1.0,0.5483672022819519,0.8333333134651184,0.00025
0.00014699714665766805,1.0,0.5475540161132812,0.8333333134651184,0.00025
0.00014679224113933742,1.0,0.5468204617500305,0.8333333134651184,0.00025
0.0001465747773181647,1.0,0.5461034178733826,0.8333333134651184,0.00025
0.00014637195272371173,1.0,0.5452784895896912,0.8333333134651184,0.00025
0.00014619631110690534,1.0,0.5445370674133301,0.8333333134651184,0.00025
0.00014598305278923362,1.0,0.5438665151596069,0.8333333134651184,0.00025
0.00014580322022084147,1.0,0.5432137846946716,0.8333333134651184,0.00025
0.00014561084390152246,1.0,0.5425536036491394,0.8333333134651184,0.00025
0.00014541846758220345,1.0,0.5417911410331726,0.8333333134651184,0.00025
0.00014524073048960418,1.0,0.5411078333854675,0.8333333134651184,0.00025
0.0001450818235753104,1.0,0.540454626083374,0.8333333134651184,0.00025
0.0001448581024305895,1.0,0.5398820042610168,0.8333333134651184,0.000125
0.00014473054034169763,1.0,0.5392406582832336,0.8333333134651184,0.000125
0.00014458625810220838,1.0,0.5386608242988586,0.8333333134651184,0.000125
0.0001445005473215133,1.0,0.5381439328193665,0.8333333134651184,0.000125
0.0001443938963348046,1.0,0.5376054644584656,0.8333333134651184,0.000125
0.00014430399460252374,1.0,0.5370460152626038,0.8333333134651184,0.000125
0.00014420990191865712,1.0,0.5365055203437805,0.8333333134651184,0.000125
0.00014411161828320473,1.0,0.5360009670257568,0.8333333134651184,0.000125
0.0001440384512534365,1.0,0.5354686379432678,0.8333333134651184,0.000125
0.00014391298464033753,1.0,0.534881055355072,0.8333333134651184,0.000125
0.0001438084291294217,1.0,0.5344434380531311,0.8333333134651184,0.000125
0.00014371641736943275,1.0,0.5339297652244568,0.8333333134651184,0.000125
0.00014364742673933506,1.0,0.5334050059318542,0.8333333134651184,0.000125
0.00014356379688251764,1.0,0.5329574942588806,0.8333333134651184,0.000125
0.00014346552779898047,1.0,0.5325301289558411,0.8333333134651184,0.000125
0.00014339861809276044,1.0,0.5320987701416016,0.8333333134651184,0.000125
0.00014329823898151517,1.0,0.5316807627677917,0.8333333134651184,0.000125
0.00014321251364890486,1.0,0.531184196472168,0.8333333134651184,0.000125
0.00014314350846689194,1.0,0.5307945609092712,0.8333333134651184,0.000125
0.00014304941578302532,1.0,0.5303969979286194,0.8333333134651184,0.000125
0.00014295743312686682,1.0,0.530078113079071,0.8333333134651184,0.000125
0.00014286331133916974,1.0,0.5296986103057861,0.8333333134651184,0.000125
0.00014276923320721835,1.0,0.5293047428131104,0.8333333134651184,0.000125
0.00014264586206991225,1.0,0.5289025902748108,0.8333333134651184,0.000125
0.00014256640861276537,1.0,0.5285399556159973,0.8333333134651184,0.000125
0.00014244722842704505,1.0,0.5281698107719421,0.8333333134651184,0.000125
0.0001423364010406658,1.0,0.5277932286262512,0.8333333134651184,0.000125
0.0001422297500539571,1.0,0.5275208353996277,0.8333333134651184,0.000125
0.00014213357644621283,1.0,0.5271618962287903,0.8333333134651184,0.000125
0.00014203110185917467,1.0,0.5268048644065857,0.8333333134651184,0.000125
0.00014193284732755274,1.0,0.5265368819236755,0.8333333134651184,0.000125
0.00014180947619024664,1.0,0.526244580745697,0.8333333134651184,0.000125
0.00014170493523124605,1.0,0.5258640050888062,0.8333333134651184,0.000125
0.0001416129234712571,1.0,0.5256237983703613,0.8333333134651184,0.000125
0.0001415334700141102,1.0,0.5253078937530518,0.8333333134651184,0.000125
0.00014147073670756072,1.0,0.52504563331604,0.8333333134651184,0.000125
0.00014134318917058408,1.0,0.5247616767883301,0.8333333134651184,0.000125
0.0001412553683621809,1.0,0.524488627910614,0.8333333134651184,0.000125
0.00014114455552771688,1.0,0.5241051316261292,0.8333333134651184,0.000125
0.00014101280248723924,1.0,0.5238754153251648,0.8333333134651184,0.000125
0.00014091453340370208,1.0,0.523686408996582,0.8333333134651184,0.000125
0.00014080788241699338,1.0,0.5234245657920837,0.8333333134651184,0.000125
0.00014070543693378568,1.0,0.5231812596321106,0.8333333134651184,0.000125
0.00014057998487260193,1.0,0.5228539109230042,0.8333333134651184,0.000125
0.00014048379671294242,1.0,0.5226308703422546,0.8333333134651184,0.000125
0.00014036460197530687,1.0,0.5224428772926331,0.8333333134651184,0.000125
0.00014026841381564736,1.0,0.5222206115722656,0.8333333134651184,0.000125
0.00014015132910571992,1.0,0.5220556259155273,0.8333333134651184,0.000125
0.00014003216347191483,1.0,0.5218871235847473,0.8333333134651184,0.000125
0.00013994434266351163,1.0,0.5217080116271973,0.8333333134651184,0.000125
0.00013985652185510844,1.0,0.5214858651161194,0.8333333134651184,1e-04
0.0001397770392941311,1.0,0.5213863253593445,0.8333333134651184,1e-04
0.0001396892184857279,1.0,0.5211616158485413,0.8333333134651184,1e-04
0.000139620213303715,1.0,0.5210632681846619,0.8333333134651184,1e-04
0.00013955539907328784,1.0,0.5209490656852722,0.8333333134651184,1e-04
0.00013943202793598175,1.0,0.5207685828208923,0.8333333134651184,1e-04
0.00013936932373326272,1.0,0.52065110206604,0.8333333134651184,1e-04
0.00013929403212387115,1.0,0.5205360054969788,0.8333333134651184,1e-04
0.00013923548976890743,1.0,0.5204194188117981,0.8333333134651184,1e-04
0.00013916021271143109,1.0,0.5203139185905457,0.8333333134651184,1e-04
0.00013909330300521106,1.0,0.5202775597572327,0.8333333134651184,1e-04
0.00013903056969866157,1.0,0.5201345682144165,0.8333333134651184,1e-04
0.0001389385579386726,1.0,0.5200167298316956,0.8333333134651184,1e-04
0.00013887375826016068,1.0,0.5199056267738342,0.8333333134651184,1e-04
0.00013882984058000147,1.0,0.5198702216148376,0.8333333134651184,1e-04
0.0001387378288200125,1.0,0.5197822451591492,0.8333333134651184,1e-04
0.00013867301458958536,1.0,0.5197052955627441,0.8333333134651184,1e-04
0.00013861028128303587,1.0,0.5196071267127991,0.8333333134651184,1e-04
0.00013848691014572978,1.0,0.5195183157920837,0.8333333134651184,1e-04
0.00013842419139109552,1.0,0.5194589495658875,0.8333333134651184,1e-04
0.0001383656490361318,1.0,0.5193517804145813,0.8333333134651184,1e-04
0.00013827989459969103,1.0,0.519304096698761,0.8333333134651184,1e-04
0.00013813145051244646,1.0,0.5192459225654602,0.8333333134651184,1e-04
0.00013801017485093325,1.0,0.5191867351531982,0.8333333134651184,1e-04
0.0001379265304422006,1.0,0.5191433429718018,0.8333333134651184,1e-04
0.00013787845091428608,1.0,0.5191459655761719,0.8333333134651184,1e-04
0.0001378136221319437,1.0,0.5191349387168884,0.8333333134651184,1e-04
0.00013774880790151656,1.0,0.5190796256065369,0.8333333134651184,1e-04
0.00013768817007075995,1.0,0.5190355181694031,0.8333333134651184,1e-04
0.00013761497393716127,1.0,0.5190836191177368,0.8333333134651184,1e-04
0.00013752924860455096,1.0,0.5190932154655457,0.8333333134651184,1e-04
0.00013746651529800147,1.0,0.5190341472625732,0.8333333134651184,1e-04
0.00013738914276473224,1.0,0.5190359950065613,0.8333333134651184,1e-04
0.00013730759383179247,1.0,0.5190288424491882,0.8333333134651184,1e-04
0.0001372386032016948,1.0,0.518993616104126,0.8333333134651184,1e-04
0.00013715286331716925,1.0,0.5190556645393372,0.8333333134651184,1e-04
0.00013706505706068128,1.0,0.5190879702568054,0.8333333134651184,1e-04
0.00013695422967430204,1.0,0.5190805792808533,0.8333333134651184,1e-04
0.0001368789526168257,1.0,0.5191362500190735,0.8333333134651184,1e-04
0.0001368183147860691,1.0,0.5191308856010437,0.8333333134651184,1e-04
0.0001367388613289222,1.0,0.5191271305084229,0.8333333134651184,1e-04
0.0001366593933198601,1.0,0.5191478133201599,0.8333333134651184,1e-04
0.00013659038813784719,1.0,0.5191664695739746,0.8333333134651184,1e-04
0.00013649839092977345,1.0,0.519193708896637,0.8333333134651184,1e-04
0.00013642729027196765,1.0,0.5193455219268799,0.8333333134651184,1e-04
0.00013632274931296706,1.0,0.5193274021148682,0.8333333134651184,1e-04
0.00013624539133161306,1.0,0.519399106502533,0.8333333134651184,1e-04
0.00013618265802506357,1.0,0.519361674785614,0.8333333134651184,1e-04
0.0001361011090921238,1.0,0.5194622874259949,0.8333333134651184,1e-04
0.0001360195456072688,1.0,0.5194547176361084,0.8333333134651184,1e-04
0.00013593593030236661,1.0,0.5194902420043945,0.8333333134651184,1e-04
0.00013585854321718216,1.0,0.5195515751838684,0.8333333134651184,1e-04
0.00013580209633801132,1.0,0.5196133255958557,0.8333333134651184,1e-04
0.00013575192133430392,1.0,0.5196850895881653,0.8333333134651184,1e-04
0.00013568501162808388,1.0,0.5196946263313293,0.8333333134651184,1e-04
0.00013556162593886256,1.0,0.5198080539703369,0.8333333134651184,1e-04
0.00013548426795750856,1.0,0.5199198722839355,0.8333333134651184,1e-04
0.0001354027190245688,1.0,0.5200225710868835,0.8333333134651184,1e-04
0.00013534417666960508,1.0,0.5199915766716003,0.8333333134651184,1e-04
0.000135254260385409,1.0,0.5200912356376648,0.8333333134651184,1e-04
0.00013517061597667634,1.0,0.5202295780181885,0.8333333134651184,1e-04
0.00013509741984307766,1.0,0.5202045440673828,0.8333333134651184,1e-04
0.0001350242382613942,1.0,0.5203120708465576,0.8333333134651184,1e-04
0.00013496988685801625,1.0,0.5203762650489807,0.8333333134651184,1e-04
0.00013491341087501496,1.0,0.5204610824584961,0.8333333134651184,1e-04
0.0001348318619420752,1.0,0.5205740332603455,0.8333333134651184,1e-04
0.00013475031300913543,1.0,0.5206679105758667,0.8333333134651184,1e-04
0.00013467713142745197,1.0,0.5208025574684143,0.8333333134651184,1e-04
0.00013457676686812192,1.0,0.5208457112312317,0.8333333134651184,1e-04
0.00013447848323266953,1.0,0.5209973454475403,0.8333333134651184,1e-04
0.00013438858150038868,1.0,0.521179735660553,0.8333333134651184,1e-04
0.00013431957631837577,1.0,0.5212652087211609,0.8333333134651184,1e-04
0.00013423175550997257,1.0,0.5214069485664368,0.8333333134651184,1e-04
0.0001341083989245817,1.0,0.5214790105819702,0.8333333134651184,1e-04
0.0001339954906143248,1.0,0.5216010808944702,0.8333333134651184,1e-04
0.0001338804722763598,1.0,0.5217471718788147,0.8333333134651184,1e-04
0.0001337947469437495,1.0,0.5219047665596008,0.8333333134651184,1e-04
0.00013370065425988287,1.0,0.5220645070075989,0.8333333134651184,1e-04
0.00013360654702410102,1.0,0.5222272872924805,0.8333333134651184,1e-04
0.00013352918904274702,1.0,0.5223171710968018,0.8333333134651184,1e-04
0.00013347274216357619,1.0,0.5225067734718323,0.8333333134651184,1e-04
0.00013341208978090435,1.0,0.5225993990898132,0.8333333134651184,1e-04
0.00013333054084796458,1.0,0.5227748155593872,0.8333333134651184,1e-04
0.00013325526379048824,1.0,0.5229297280311584,0.8333333134651184,1e-04
0.00013319880235940218,1.0,0.5230168700218201,0.8333333134651184,1e-04
0.00013312562077771872,1.0,0.5231718420982361,0.8333333134651184,1e-04
0.0001330587110714987,1.0,0.5233245491981506,0.8333333134651184,1e-04
0.00013293951633386314,1.0,0.5234511494636536,0.8333333134651184,1e-04
0.0001328558719251305,1.0,0.5235955119132996,0.8333333134651184,1e-04
0.00013278896221891046,1.0,0.5238038897514343,0.8333333134651184,1e-04
0.00013272205251269042,1.0,0.523955762386322,0.8333333134651184,1e-04
0.00013267605390865356,1.0,0.5240938067436218,0.8333333134651184,1e-04
0.00013262168795336038,1.0,0.5242385268211365,0.8333333134651184,1e-04
0.0001325422344962135,1.0,0.5244331359863281,0.8333333134651184,1e-04
0.00013243350258562714,1.0,0.5245510935783386,0.8333333134651184,1e-04
0.00013233521895017475,1.0,0.5247783064842224,0.8333333134651184,1e-04
0.0001322515745414421,1.0,0.5249095559120178,0.8333333134651184,1e-04
0.0001321491290582344,1.0,0.5250906348228455,0.8333333134651184,1e-04
0.0001320696756010875,1.0,0.5252317786216736,0.8333333134651184,1e-04
0.00013198603119235486,1.0,0.5254828333854675,0.8333333134651184,1e-04
0.00013193585618864745,1.0,0.5256013870239258,0.8333333134651184,1e-04
0.00013184592535253614,1.0,0.5257857441902161,0.8333333134651184,1e-04
0.00013174347986932844,1.0,0.5259703397750854,0.8333333134651184,1e-04
0.00013168911391403526,1.0,0.5262133479118347,0.8333333134651184,1e-04
0.00013160966045688838,1.0,0.526350200176239,0.8333333134651184,1e-04
0.0001315615518251434,1.0,0.5265021920204163,0.8333333134651184,1e-04
0.00013149046571925282,1.0,0.5267080664634705,0.8333333134651184,1e-04
0.0001314109977101907,1.0,0.5268875360488892,0.8333333134651184,1e-04
0.0001313148095505312,1.0,0.5271729826927185,0.8333333134651184,1e-04
0.00013126461999490857,1.0,0.5273327827453613,0.8333333134651184,1e-04
0.00013116217451170087,1.0,0.5275600552558899,0.8333333134651184,1e-04
0.00013108481653034687,1.0,0.527748167514801,0.8333333134651184,1e-04
0.0001310199877480045,1.0,0.527916431427002,0.8333333134651184,1e-04
0.00013093007146380842,1.0,0.5281880497932434,0.8333333134651184,1e-04
0.00013087780098430812,1.0,0.5284180045127869,0.8333333134651184,1e-04
0.00013076905452180654,1.0,0.5285876393318176,0.8333333134651184,1e-04
0.00013067497638985515,1.0,0.5287179946899414,0.8333333134651184,1e-04
0.00013057459727860987,1.0,0.528937578201294,0.8333333134651184,1e-04
0.00013048885739408433,1.0,0.5291798114776611,0.8333333134651184,1e-04
0.00013041151396464556,1.0,0.5293167233467102,0.8333333134651184,1e-04
0.0001303111348534003,1.0,0.5294957160949707,0.8333333134651184,1e-04
0.0001302233140449971,1.0,0.5297774076461792,0.8333333134651184,1e-04
0.00013014384603593498,1.0,0.5300005674362183,0.8333333134651184,1e-04
0.00013006021617911756,1.0,0.5301949977874756,0.8333333134651184,1e-04
0.00012999540194869041,1.0,0.5304581522941589,0.8333333134651184,1e-04
0.0001299180294154212,1.0,0.5306287407875061,0.8333333134651184,1e-04
0.0001298657589359209,1.0,0.5308346152305603,0.8333333134651184,1e-04
0.0001297925628023222,1.0,0.5311148762702942,0.8333333134651184,1e-04
0.00012973819684702903,1.0,0.5313783288002014,0.8333333134651184,1e-04
0.00012966919166501611,1.0,0.5315912365913391,0.8333333134651184,1e-04
0.0001295855618081987,1.0,0.5318000912666321,0.8333333134651184,1e-04
0.00012950401287525892,1.0,0.5320629477500916,0.8333333134651184,1e-04
0.00012943499314133078,1.0,0.5323247313499451,0.8333333134651184,1e-04
0.00012933046673424542,1.0,0.5326021313667297,0.8333333134651184,1e-04
0.00012925307964906096,1.0,0.5327684283256531,0.8333333134651184,1e-04
0.00012916735431645066,1.0,0.5330092310905457,0.8333333134651184,1e-04
0.00012910462100990117,1.0,0.5333056449890137,0.8333333134651184,1e-04
0.0001290147047257051,1.0,0.5335306525230408,0.8333333134651184,1e-04
0.00012895616237074137,1.0,0.5338498950004578,0.8333333134651184,1e-04
0.0001288850762648508,1.0,0.5340657234191895,0.8333333134651184,1e-04
0.00012879306450486183,1.0,0.5342697501182556,0.8333333134651184,1e-04
0.00012867386976722628,1.0,0.5345253944396973,0.8333333134651184,1e-04
0.00012855259410571307,1.0,0.5348197817802429,0.8333333134651184,1e-04
0.0001284877653233707,1.0,0.5350463390350342,0.8333333134651184,1e-04
0.00012840205454267561,1.0,0.5353489518165588,0.8333333134651184,1e-04
0.0001283225865336135,1.0,0.5355331301689148,0.8333333134651184,1e-04
0.00012824940495193005,1.0,0.5357725024223328,0.8333333134651184,1e-04
0.00012815948866773397,1.0,0.5360777974128723,0.8333333134651184,1e-04
0.0001281030272366479,1.0,0.536293089389801,0.8333333134651184,1e-04
0.00012800893455278128,1.0,0.5365349650382996,0.8333333134651184,1e-04
0.0001279190182685852,1.0,0.5367704033851624,0.8333333134651184,1e-04
0.00012781655823346227,1.0,0.5370461344718933,0.8333333134651184,1e-04
0.00012773292837664485,1.0,0.5372409224510193,0.8333333134651184,1e-04
0.00012764509301632643,1.0,0.537499189376831,0.8333333134651184,1e-04
0.00012755727220792323,1.0,0.5377130508422852,0.8333333134651184,1e-04
0.00012747781875077635,1.0,0.5379909873008728,0.8333333134651184,1e-04
0.0001274297246709466,1.0,0.5382488369941711,0.8333333134651184,1e-04
0.00012732099276036024,1.0,0.538483202457428,0.8333333134651184,1e-04
0.0001272457157028839,1.0,0.538765549659729,0.8333333134651184,1e-04
0.00012715579941868782,1.0,0.539029598236084,0.8333333134651184,1e-04
0.00012710352893918753,1.0,0.539292573928833,0.8333333134651184,1e-04
0.00012700108345597982,1.0,0.5395062565803528,0.8333333134651184,1e-04
0.00012693206372205168,1.0,0.5398136973381042,0.8333333134651184,1e-04
0.00012686305854003876,1.0,0.5401010513305664,0.8333333134651184,1e-04
0.00012676896585617214,1.0,0.5403549671173096,0.8333333134651184,1e-04
0.00012669159332290292,1.0,0.5405811667442322,0.8333333134651184,1e-04
0.00012659959611482918,1.0,0.5408894419670105,0.8333333134651184,1e-04
0.0001265201426576823,1.0,0.5411615371704102,0.8333333134651184,1e-04
0.00012646993855014443,1.0,0.5414028763771057,0.8333333134651184,1e-04
0.0001263674785150215,1.0,0.5415873527526855,0.8333333134651184,1e-04
0.00012627338583115488,1.0,0.5418921113014221,0.8333333134651184,1e-04
0.00012620857160072774,1.0,0.5421751141548157,0.8333333134651184,1e-04
0.00012611238344106823,1.0,0.5424376726150513,0.8333333134651184,1e-04
0.0001260371063835919,1.0,0.5426969528198242,0.8333333134651184,1e-04
0.0001259827404282987,1.0,0.5429173111915588,0.8333333134651184,1e-04
0.00012592000712174922,1.0,0.5432355999946594,0.8333333134651184,1e-04
0.00012584055366460234,1.0,0.5434675216674805,0.8333333134651184,1e-04
0.0001257380936294794,1.0,0.5437943935394287,0.8333333134651184,1e-04
0.00012568999954964966,1.0,0.543982744216919,0.8333333134651184,1e-04
0.000125606355140917,1.0,0.5443112254142761,0.8333333134651184,1e-04
0.000125528997159563,1.0,0.5445500016212463,0.8333333134651184,1e-04
0.00012544535275083035,1.0,0.5448102951049805,0.8333333134651184,1e-04
0.00012537634756881744,1.0,0.5450856685638428,0.8333333134651184,1e-04
0.00012530524691101164,1.0,0.5453516244888306,0.8333333134651184,1e-04
0.0001252132497029379,1.0,0.5457035899162292,0.8333333134651184,1e-04
0.00012513170076999813,1.0,0.5459840297698975,0.8333333134651184,1e-04
0.00012507732026278973,1.0,0.5462503433227539,0.8333333134651184,1e-04
0.00012501669698394835,1.0,0.5465779900550842,0.8333333134651184,1e-04
0.00012491631787270308,1.0,0.546854555606842,0.8333333134651184,1e-04
0.00012484940816648304,1.0,0.5471585392951965,0.8333333134651184,1e-04
0.00012478040298447013,1.0,0.5473906397819519,0.8333333134651184,1e-04
0.00012469885405153036,1.0,0.5476545691490173,0.8333333134651184,1e-04
0.00012464031169656664,1.0,0.5478828549385071,0.8333333134651184,1e-04
0.00012454829993657768,1.0,0.5481767058372498,0.8333333134651184,1e-04
0.00012445211177691817,1.0,0.548420250415802,0.8333333134651184,1e-04
0.00012435801909305155,1.0,0.5486835837364197,0.8333333134651184,1e-04
0.00012424301530700177,1.0,0.5489863753318787,0.8333333134651184,1e-04
0.0001241510035470128,1.0,0.5492556691169739,0.8333333134651184,1e-04
0.00012406737369019538,1.0,0.549565851688385,0.8333333134651184,1e-04
0.00012400881678331643,1.0,0.5498247146606445,0.8333333134651184,1e-04
0.000123925186926499,1.0,0.550054132938385,0.8333333134651184,1e-04
0.000123843623441644,1.0,0.5503908395767212,0.8333333134651184,1e-04
0.00012376625090837479,1.0,0.5505958199501038,0.8333333134651184,1e-04
0.00012367423914838582,1.0,0.5508474707603455,0.8333333134651184,1e-04
0.00012359478569123894,1.0,0.5510697364807129,0.8333333134651184,1e-04
0.0001235278759850189,1.0,0.5513155460357666,0.8333333134651184,1e-04
0.00012343797425273806,1.0,0.5515753030776978,0.8333333134651184,1e-04
0.00012337314547039568,1.0,0.5518094897270203,0.8333333134651184,1e-04
0.00012330833123996854,1.0,0.5521164536476135,0.8333333134651184,1e-04
0.00012321631947997957,1.0,0.552333414554596,0.8333333134651184,1e-04
0.00012311385944485664,1.0,0.5526099801063538,0.8333333134651184,1e-04
0.000123030215036124,1.0,0.5529003143310547,0.8333333134651184,1e-04
0.00012295284250285476,1.0,0.5531578063964844,0.8333333134651184,1e-04
0.00012289641017559916,1.0,0.5534611344337463,0.8333333134651184,1e-04
0.00012281694216653705,1.0,0.5536848902702332,0.8333333134651184,1e-04
0.00012274793698452413,1.0,0.553991973400116,0.8333333134651184,1e-04
0.00012266846897546202,1.0,0.5543299317359924,0.8333333134651184,1e-04
0.00012257228081580251,1.0,0.5545393824577332,0.8333333134651184,1e-04
0.00012248863640706986,1.0,0.554807186126709,0.8333333134651184,1e-04
0.00012243009405210614,1.0,0.5550514459609985,0.8333333134651184,1e-04
0.00012235272151883692,1.0,0.5553559064865112,0.8333333134651184,1e-04
0.00012226490071043372,1.0,0.5556113123893738,0.8333333134651184,1e-04
