loss,accuracy,lr
0.5027806758880615,0.6611111164093018,0.001
0.2254413217306137,0.9277777671813965,0.001
0.14539320766925812,0.949999988079071,0.001
0.11485463380813599,0.9777777791023254,0.001
0.06931415945291519,0.9944444298744202,0.001
0.041920747607946396,0.9888888597488403,0.001
0.025257905945181847,0.9944444298744202,0.001
0.016552111133933067,1.0,0.001
0.029789069667458534,0.9944444298744202,0.001
0.013189833611249924,1.0,0.001
0.02273014560341835,0.9888888597488403,0.001
0.0477183498442173,0.9944444298744202,0.001
0.009064857847988605,1.0,0.001
0.05120785906910896,0.9777777791023254,0.001
0.013350305147469044,0.9944444298744202,0.001
0.03322749584913254,0.9833333492279053,0.001
0.007981287315487862,1.0,0.001
0.009381471201777458,1.0,0.001
0.01884050853550434,1.0,0.001
0.005275975447148085,1.0,0.001
0.011033710092306137,0.9944444298744202,0.001
0.0073294141329824924,1.0,0.001
0.003789943177253008,1.0,0.001
0.0025824648328125477,1.0,0.001
0.011888118460774422,1.0,0.001
0.0017291810363531113,1.0,0.001
0.002192824613302946,1.0,0.001
0.006113151554018259,1.0,0.001
0.002253687009215355,1.0,0.001
0.001144617097452283,1.0,0.001
0.001176356920041144,1.0,0.001
0.0012889696517959237,1.0,0.001
0.0011494632344692945,1.0,0.001
0.000995475915260613,1.0,0.001
0.0009604984079487622,1.0,0.001
0.0008439607918262482,1.0,0.001
0.0007898645126260817,1.0,0.001
0.0008915723883546889,1.0,0.001
0.001404007663950324,1.0,0.001
0.000782302871812135,1.0,0.001
0.0005784467211924493,1.0,0.001
0.0005359796341508627,1.0,0.001
0.003106421558186412,1.0,0.001
0.00042708867113105953,1.0,0.001
0.000609019014518708,1.0,0.001
0.0006345887668430805,1.0,0.001
0.001090175355784595,1.0,0.001
0.0006600643391720951,1.0,0.001
0.00045031102490611374,1.0,0.001
0.0005229763919487596,1.0,0.001
0.0005136997206136584,1.0,0.001
0.0004945395048707724,1.0,0.001
0.00031398568535223603,1.0,0.001
0.0005175416590645909,1.0,0.001
0.00034296081867069006,1.0,0.001
0.0003090037207584828,1.0,0.001
0.00039060538983903825,1.0,0.001
0.001290138578042388,1.0,0.001
0.00030626976513303816,1.0,0.001
0.004332148469984531,1.0,0.001
0.0003393747319933027,1.0,0.001
0.0006344271823763847,1.0,0.001
0.003345015225932002,1.0,0.001
0.0005568017368204892,1.0,0.001
0.0011871850583702326,1.0,0.001
0.0016638119705021381,1.0,0.001
0.0014293882995843887,1.0,0.001
0.0030582970939576626,1.0,0.001
0.0010545934783294797,1.0,0.001
0.0005753046716563404,1.0,0.001
0.000732623680960387,1.0,0.001
0.00048303348012268543,1.0,0.001
0.0007647463935427368,1.0,0.001
0.0005107665783725679,1.0,0.001
0.0002840753586497158,1.0,0.001
0.0005846873973496258,1.0,0.001
0.00021986468345858157,1.0,0.001
0.000262871035374701,1.0,0.001
0.0002162126183975488,1.0,0.001
0.00028122018557041883,1.0,0.001
0.0001823756902012974,1.0,0.001
0.00017717636364977807,1.0,0.001
0.00023983158462215215,1.0,0.001
0.0003345891600474715,1.0,0.001
0.00042203988414257765,1.0,0.001
0.00020998244872316718,1.0,0.001
0.0001560407254146412,1.0,0.001
0.00018743450345937163,1.0,0.001
0.00021325003763195127,1.0,0.001
0.00013313195086084306,1.0,0.001
0.00038812943967059255,1.0,0.001
0.00018275015463586897,1.0,0.001
0.00012404403241816908,1.0,0.001
0.0001218625548062846,1.0,0.001
0.0009140815236605704,1.0,0.001
0.0001944227988133207,1.0,0.001
0.0002047860762104392,1.0,0.001
0.0002811485610436648,1.0,0.001
0.0002556306717451662,1.0,0.001
0.0001428188697900623,1.0,0.001
0.0015315754571929574,1.0,0.001
0.00028077239403501153,1.0,0.001
0.0005304009537212551,1.0,0.001
0.0001403705682605505,1.0,0.001
0.00030670524574816227,1.0,0.001
0.00016007620433811098,1.0,0.001
0.0001824989158194512,1.0,0.001
0.00018094263214152306,1.0,0.001
0.00038037344347685575,1.0,0.001
0.0001444050285499543,1.0,0.001
0.00015919380530249327,1.0,0.001
0.00010435461445013061,1.0,0.001
0.00017387537809554487,1.0,0.001
0.00011165067553520203,1.0,0.001
0.00011298985191388056,1.0,0.001
0.00022123949020169675,1.0,0.001
0.00012583394709508866,1.0,0.001
0.00015262834494933486,1.0,0.001
0.00012913563114125282,1.0,0.001
8.480464020976797e-05,1.0,0.001
0.00010616852523526177,1.0,0.001
0.00018324879056308419,1.0,0.001
0.00011165819159941748,1.0,0.001
8.944150613388047e-05,1.0,0.001
7.38942253519781e-05,1.0,0.001
0.00010143104736926034,1.0,0.001
0.00010290977661497891,1.0,0.001
0.00010533651220612228,1.0,0.001
0.00013686342572327703,1.0,0.001
0.00028071115957573056,1.0,0.001
6.909497460583225e-05,1.0,0.001
6.639403000008315e-05,1.0,0.001
0.0001492259616497904,1.0,0.001
0.00020499067613855004,1.0,0.001
7.093665772117674e-05,1.0,0.001
6.625237438129261e-05,1.0,0.001
0.0005124818999320269,1.0,0.001
0.00012201975187053904,1.0,0.001
9.527452493784949e-05,1.0,0.001
0.00014420016668736935,1.0,0.001
0.00012917052663397044,1.0,0.001
6.32932860753499e-05,1.0,0.001
0.00013677272363565862,1.0,0.001
0.00010132371244253591,1.0,0.001
0.00016050574777182192,1.0,0.001
0.00022920285118743777,1.0,0.001
6.955360004212707e-05,1.0,0.001
0.00010155525524169207,1.0,0.001
0.00015621869533788413,1.0,0.001
6.072641190257855e-05,1.0,0.001
9.345429862150922e-05,1.0,0.001
5.2270075684646145e-05,1.0,0.001
6.133331044111401e-05,1.0,0.001
8.644988702144474e-05,1.0,0.001
0.0001121225650422275,1.0,0.001
0.0001726444170344621,1.0,0.001
6.091724935686216e-05,1.0,0.001
5.987236727378331e-05,1.0,0.001
5.4369873396353796e-05,1.0,0.001
8.211816748371348e-05,1.0,0.001
0.0001165034482255578,1.0,0.001
5.273822171147913e-05,1.0,0.001
5.0424721848685294e-05,1.0,0.001
8.739939949009567e-05,1.0,0.001
6.01253668719437e-05,1.0,0.001
6.894560647197068e-05,1.0,0.001
4.843412898480892e-05,1.0,0.001
0.0002890328469220549,1.0,0.001
7.663105498068035e-05,1.0,0.001
0.00011611867375904694,1.0,0.001
6.745167775079608e-05,1.0,0.001
0.00011562621511984617,1.0,0.001
6.575867155333981e-05,1.0,0.001
0.00011134963278891519,1.0,0.001
0.00010270674101775512,1.0,0.001
6.007830597809516e-05,1.0,0.0005
9.022605809150264e-05,1.0,0.0005
7.628033199580386e-05,1.0,0.0005
0.00020929446327500045,1.0,0.0005
6.053133256500587e-05,1.0,0.0005
0.00011406795238144696,1.0,0.0005
5.77811042603571e-05,1.0,0.0005
0.00011633076064754277,1.0,0.0005
5.794728349428624e-05,1.0,0.0005
6.646051042480394e-05,1.0,0.0005
4.025786984129809e-05,1.0,0.0005
0.0001363657065667212,1.0,0.0005
5.1503058784874156e-05,1.0,0.0005
3.9535480027552694e-05,1.0,0.0005
9.339364623883739e-05,1.0,0.0005
7.710120553383604e-05,1.0,0.0005
0.00010685602319426835,1.0,0.0005
5.610207881545648e-05,1.0,0.0005
5.819404759677127e-05,1.0,0.0005
4.8868514568312094e-05,1.0,0.0005
4.201913907309063e-05,1.0,0.0005
0.00027965373010374606,1.0,0.0005
3.7480534956557676e-05,1.0,0.0005
4.140270539210178e-05,1.0,0.0005
4.981310848961584e-05,1.0,0.0005
0.00011142469884362072,1.0,0.0005
8.140479621943086e-05,1.0,0.0005
4.902627915726043e-05,1.0,0.0005
4.6077751903794706e-05,1.0,0.0005
0.00012097797298338264,1.0,0.0005
3.921556344721466e-05,1.0,0.0005
4.668435576604679e-05,1.0,0.0005
0.00026067919679917395,1.0,0.0005
6.529242091346532e-05,1.0,0.0005
8.840217196848243e-05,1.0,0.0005
7.230279152281582e-05,1.0,0.0005
4.71494349767454e-05,1.0,0.0005
0.00014010105223860592,1.0,0.0005
4.3460833694553e-05,1.0,0.0005
0.00018281936354469508,1.0,0.0005
4.7330118832178414e-05,1.0,0.0005
9.267960558645427e-05,1.0,0.0005
5.072785643278621e-05,1.0,0.0005
5.300082193571143e-05,1.0,0.0005
9.375708032166585e-05,1.0,0.0005
7.423496572300792e-05,1.0,0.0005
3.7627392885042354e-05,1.0,0.0005
7.686723984079435e-05,1.0,0.0005
4.663376239477657e-05,1.0,0.0005
4.212975181872025e-05,1.0,0.0005
5.499220787896775e-05,1.0,0.00025
4.9265112465946004e-05,1.0,0.00025
4.0086073568090796e-05,1.0,0.00025
3.8142061384860426e-05,1.0,0.00025
7.310866931220517e-05,1.0,0.00025
3.472565003903583e-05,1.0,0.00025
3.860216020257212e-05,1.0,0.00025
5.6349686929024756e-05,1.0,0.00025
0.00010512354492675513,1.0,0.00025
3.210337308701128e-05,1.0,0.00025
3.785398803302087e-05,1.0,0.00025
0.0011922598350793123,1.0,0.00025
4.5596454583574086e-05,1.0,0.00025
3.504488631733693e-05,1.0,0.00025
4.4938271457795054e-05,1.0,0.00025
4.1836323362076655e-05,1.0,0.00025
5.010293534724042e-05,1.0,0.00025
0.00013844588829670101,1.0,0.00025
6.669259892078117e-05,1.0,0.00025
4.2173553083557636e-05,1.0,0.00025
5.663022238877602e-05,1.0,0.00025
7.929051207611337e-05,1.0,0.00025
3.9418780943378806e-05,1.0,0.00025
5.385334952734411e-05,1.0,0.00025
7.121464295778424e-05,1.0,0.00025
6.14154851064086e-05,1.0,0.00025
5.601286829914898e-05,1.0,0.00025
4.831828846363351e-05,1.0,0.00025
5.2064388000871986e-05,1.0,0.00025
4.0187387639889494e-05,1.0,0.00025
4.017423634650186e-05,1.0,0.00025
7.312898378586397e-05,1.0,0.00025
4.3268079025438055e-05,1.0,0.00025
9.188195690512657e-05,1.0,0.00025
8.280411566374823e-05,1.0,0.00025
3.580972406780347e-05,1.0,0.00025
0.00022256924421526492,1.0,0.00025
3.8319867599057034e-05,1.0,0.00025
4.553908729576506e-05,1.0,0.00025
4.173299021204002e-05,1.0,0.00025
4.942804662277922e-05,1.0,0.00025
4.101118247490376e-05,1.0,0.00025
5.907906233915128e-05,1.0,0.00025
3.5616994864540175e-05,1.0,0.00025
0.00010669659968698397,1.0,0.00025
3.401317007956095e-05,1.0,0.00025
6.787817983422428e-05,1.0,0.00025
5.27330266777426e-05,1.0,0.00025
6.914312689332291e-05,1.0,0.00025
3.68181754311081e-05,1.0,0.00025
0.00030796389910392463,1.0,0.000125
6.293013575486839e-05,1.0,0.000125
3.3219806937268004e-05,1.0,0.000125
0.00011429496225900948,1.0,0.000125
3.3748274290701374e-05,1.0,0.000125
4.18864146922715e-05,1.0,0.000125
4.234683365211822e-05,1.0,0.000125
3.921466850442812e-05,1.0,0.000125
8.316368621308357e-05,1.0,0.000125
6.840551213826984e-05,1.0,0.000125
0.00011234881822019815,1.0,0.000125
3.2804542570374906e-05,1.0,0.000125
3.7361925933510065e-05,1.0,0.000125
5.402402894105762e-05,1.0,0.000125
5.3041003411635756e-05,1.0,0.000125
4.2311439756304026e-05,1.0,0.000125
0.00012965746282134205,1.0,0.000125
7.851402915548533e-05,1.0,0.000125
5.8428933698451146e-05,1.0,0.000125
5.9786336350953206e-05,1.0,0.000125
0.00010988886060658842,1.0,0.000125
3.831087815342471e-05,1.0,0.000125
0.00010302283044438809,1.0,0.000125
0.0004831322003155947,1.0,0.000125
3.7387420888990164e-05,1.0,0.000125
5.577849151450209e-05,1.0,0.000125
3.4971704735653475e-05,1.0,0.000125
5.0894745072582737e-05,1.0,0.000125
0.00016695605881977826,1.0,0.000125
7.046693644952029e-05,1.0,0.000125
3.52149763784837e-05,1.0,0.000125
3.05510257021524e-05,1.0,0.000125
3.241385275032371e-05,1.0,0.000125
0.00010005017247749493,1.0,0.000125
4.951512164552696e-05,1.0,0.000125
4.8512581997783855e-05,1.0,0.000125
4.421789708430879e-05,1.0,0.000125
3.386508615221828e-05,1.0,0.000125
3.378469045856036e-05,1.0,0.000125
3.321970871184021e-05,1.0,0.000125
5.234372292761691e-05,1.0,0.000125
0.00013416567526292056,1.0,0.000125
4.909263225272298e-05,1.0,0.000125
4.7979872761061415e-05,1.0,0.000125
2.978687007271219e-05,1.0,0.000125
5.778600461781025e-05,1.0,0.000125
3.995443330495618e-05,1.0,0.000125
5.4750435083406046e-05,1.0,0.000125
7.393657142529264e-05,1.0,0.000125
3.8203957956284285e-05,1.0,0.000125
3.0410654289880767e-05,1.0,1e-04
4.734184767585248e-05,1.0,1e-04
5.0865026423707604e-05,1.0,1e-04
3.602316428441554e-05,1.0,1e-04
0.00021002013818360865,1.0,1e-04
2.894309363909997e-05,1.0,1e-04
5.93126387684606e-05,1.0,1e-04
0.00015002071449998766,1.0,1e-04
5.586194311035797e-05,1.0,1e-04
6.318731175269932e-05,1.0,1e-04
0.00010497284529265016,1.0,1e-04
5.0844737415900454e-05,1.0,1e-04
7.08034131093882e-05,1.0,1e-04
3.697418651427142e-05,1.0,1e-04
3.7268921005306765e-05,1.0,1e-04
3.8508362194988877e-05,1.0,1e-04
4.316061676945537e-05,1.0,1e-04
5.3800315072294325e-05,1.0,1e-04
5.8918802096741274e-05,1.0,1e-04
4.326910857344046e-05,1.0,1e-04
4.7496749175479636e-05,1.0,1e-04
4.10373650083784e-05,1.0,1e-04
3.1198764190776274e-05,1.0,1e-04
2.8308664695941843e-05,1.0,1e-04
3.315006324555725e-05,1.0,1e-04
3.8773167034378275e-05,1.0,1e-04
3.210770955774933e-05,1.0,1e-04
0.00010907892283285037,1.0,1e-04
2.7611424229689874e-05,1.0,1e-04
3.2462623494211584e-05,1.0,1e-04
4.477179027162492e-05,1.0,1e-04
5.384317773859948e-05,1.0,1e-04
9.101035539060831e-05,1.0,1e-04
5.0446535169612616e-05,1.0,1e-04
6.03859152761288e-05,1.0,1e-04
6.71289672027342e-05,1.0,1e-04
4.609903407981619e-05,1.0,1e-04
6.689790461678058e-05,1.0,1e-04
5.5905617045937106e-05,1.0,1e-04
5.79520856263116e-05,1.0,1e-04
2.7376338039175607e-05,1.0,1e-04
7.0296271587722e-05,1.0,1e-04
4.403148705023341e-05,1.0,1e-04
4.002038258477114e-05,1.0,1e-04
4.754307519760914e-05,1.0,1e-04
0.00011160127178300172,1.0,1e-04
4.572165562422015e-05,1.0,1e-04
4.6464294428005815e-05,1.0,1e-04
0.0007776893908157945,1.0,1e-04
3.5795423173112795e-05,1.0,1e-04
2.957925244118087e-05,1.0,1e-04
0.00017771236889529973,1.0,1e-04
2.890137147915084e-05,1.0,1e-04
3.2205174647970125e-05,1.0,1e-04
5.761254215030931e-05,1.0,1e-04
3.083836054429412e-05,1.0,1e-04
5.150644210516475e-05,1.0,1e-04
2.9697375794057734e-05,1.0,1e-04
4.518813511822373e-05,1.0,1e-04
4.3185333197470754e-05,1.0,1e-04
3.325597572256811e-05,1.0,1e-04
2.925039552792441e-05,1.0,1e-04
4.6240005758590996e-05,1.0,1e-04
3.390051642782055e-05,1.0,1e-04
0.0005550084169954062,1.0,1e-04
3.3740656363079324e-05,1.0,1e-04
7.017095776973292e-05,1.0,1e-04
3.331902189529501e-05,1.0,1e-04
2.8462351110647433e-05,1.0,1e-04
3.151511191390455e-05,1.0,1e-04
4.913821248919703e-05,1.0,1e-04
3.412105797906406e-05,1.0,1e-04
6.0185986512806267e-05,1.0,1e-04
3.245557672926225e-05,1.0,1e-04
3.5937860957346857e-05,1.0,1e-04
3.3362808608217165e-05,1.0,1e-04
4.315600381232798e-05,1.0,1e-04
4.79688351333607e-05,1.0,1e-04
0.00011535780504345894,1.0,1e-04
4.1868697735480964e-05,1.0,1e-04
5.824817344546318e-05,1.0,1e-04
0.00010289276542607695,1.0,1e-04
5.957629036856815e-05,1.0,1e-04
4.752077074954286e-05,1.0,1e-04
4.796263237949461e-05,1.0,1e-04
2.8155071049695835e-05,1.0,1e-04
4.7719237045384943e-05,1.0,1e-04
4.930186696583405e-05,1.0,1e-04
4.623738277587108e-05,1.0,1e-04
3.430938158999197e-05,1.0,1e-04
3.1097875762498006e-05,1.0,1e-04
3.785529770539142e-05,1.0,1e-04
5.842753671458922e-05,1.0,1e-04
4.249956691637635e-05,1.0,1e-04
5.0684695452218875e-05,1.0,1e-04
5.103281728224829e-05,1.0,1e-04
6.78993746987544e-05,1.0,1e-04
6.427066546166316e-05,1.0,1e-04
3.306593862362206e-05,1.0,1e-04
8.960881677921861e-05,1.0,1e-04
3.023774661414791e-05,1.0,1e-04
3.0179391615092754e-05,1.0,1e-04
5.8845522289630026e-05,1.0,1e-04
4.7406196244992316e-05,1.0,1e-04
3.1757088436279446e-05,1.0,1e-04
2.802265589707531e-05,1.0,1e-04
5.721652269130573e-05,1.0,1e-04
4.628958777175285e-05,1.0,1e-04
3.213787931599654e-05,1.0,1e-04
2.948869951069355e-05,1.0,1e-04
2.7313393729855306e-05,1.0,1e-04
3.6574547266354784e-05,1.0,1e-04
8.053395868046209e-05,1.0,1e-04
0.0001093887840397656,1.0,1e-04
2.601137566671241e-05,1.0,1e-04
3.0557050195056945e-05,1.0,1e-04
3.9721511711832136e-05,1.0,1e-04
2.9189402994234115e-05,1.0,1e-04
3.912300235242583e-05,1.0,1e-04
2.8365957405185327e-05,1.0,1e-04
3.215159449609928e-05,1.0,1e-04
4.897074177279137e-05,1.0,1e-04
2.7378260710975155e-05,1.0,1e-04
0.00010508691775612533,1.0,1e-04
0.0001242125581484288,1.0,1e-04
3.138458851026371e-05,1.0,1e-04
8.909872849471867e-05,1.0,1e-04
6.93150723236613e-05,1.0,1e-04
3.1612409657100216e-05,1.0,1e-04
5.169044015929103e-05,1.0,1e-04
4.706831168732606e-05,1.0,1e-04
2.4187636881833896e-05,1.0,1e-04
3.9048140024533495e-05,1.0,1e-04
4.525145413936116e-05,1.0,1e-04
6.750023021595553e-05,1.0,1e-04
3.511553950374946e-05,1.0,1e-04
9.948764636646956e-05,1.0,1e-04
4.9285063141724095e-05,1.0,1e-04
9.277059143641964e-05,1.0,1e-04
5.341353244148195e-05,1.0,1e-04
2.931587368948385e-05,1.0,1e-04
2.745439087448176e-05,1.0,1e-04
4.227628232911229e-05,1.0,1e-04
2.7424495783634484e-05,1.0,1e-04
6.278326327446848e-05,1.0,1e-04
0.0001370910176774487,1.0,1e-04
6.098443554947153e-05,1.0,1e-04
3.218062920495868e-05,1.0,1e-04
7.389063102891669e-05,1.0,1e-04
3.319725874462165e-05,1.0,1e-04
2.8795298931072466e-05,1.0,1e-04
0.0003577902971301228,1.0,1e-04
3.637955887825228e-05,1.0,1e-04
3.3242882636841387e-05,1.0,1e-04
4.699907003669068e-05,1.0,1e-04
2.9291310056578368e-05,1.0,1e-04
2.6490124582778662e-05,1.0,1e-04
2.6443227397976443e-05,1.0,1e-04
3.096990258200094e-05,1.0,1e-04
4.9863439926411957e-05,1.0,1e-04
4.5784978283336386e-05,1.0,1e-04
4.311855445848778e-05,1.0,1e-04
3.157730316161178e-05,1.0,1e-04
0.00012164790678070858,1.0,1e-04
3.2238836865872145e-05,1.0,1e-04
5.1789378630928695e-05,1.0,1e-04
5.1678023737622425e-05,1.0,1e-04
2.898869388445746e-05,1.0,1e-04
6.305289571173489e-05,1.0,1e-04
2.8933081921422854e-05,1.0,1e-04
4.202691707178019e-05,1.0,1e-04
4.045806417707354e-05,1.0,1e-04
4.468492261366919e-05,1.0,1e-04
3.510544047458097e-05,1.0,1e-04
2.622266583784949e-05,1.0,1e-04
7.235085649881512e-05,1.0,1e-04
2.8842207029811107e-05,1.0,1e-04
4.703427475760691e-05,1.0,1e-04
0.00014616252155974507,1.0,1e-04
5.643587792292237e-05,1.0,1e-04
2.4382343326578848e-05,1.0,1e-04
0.00013440533075481653,1.0,1e-04
3.2116422516992316e-05,1.0,1e-04
3.349776307004504e-05,1.0,1e-04
3.5334542189957574e-05,1.0,1e-04
3.849079803330824e-05,1.0,1e-04
2.65582693828037e-05,1.0,1e-04
4.599243402481079e-05,1.0,1e-04
0.000407668121624738,1.0,1e-04
3.676679261843674e-05,1.0,1e-04
3.860721335513517e-05,1.0,1e-04
2.509157457097899e-05,1.0,1e-04
5.87590693612583e-05,1.0,1e-04
5.9009078540839255e-05,1.0,1e-04
2.5816041670623235e-05,1.0,1e-04
8.361556683667004e-05,1.0,1e-04
3.4086806408595294e-05,1.0,1e-04
2.930450500571169e-05,1.0,1e-04
2.9934311896795407e-05,1.0,1e-04
2.950054476968944e-05,1.0,1e-04
2.3361153580481187e-05,1.0,1e-04
2.7368281735107303e-05,1.0,1e-04
3.5741970350500196e-05,1.0,1e-04
3.003959500347264e-05,1.0,1e-04
0.0001225099986186251,1.0,1e-04
4.8241723561659455e-05,1.0,1e-04
6.882866728119552e-05,1.0,1e-04
2.3243283067131415e-05,1.0,1e-04
4.2331994336564094e-05,1.0,1e-04
4.472803993849084e-05,1.0,1e-04
0.00012548403174150735,1.0,1e-04
7.097244815668091e-05,1.0,1e-04
2.7358315492165275e-05,1.0,1e-04
3.0639683245681226e-05,1.0,1e-04
2.3333976059802808e-05,1.0,1e-04
2.8076123271603137e-05,1.0,1e-04
8.172632078640163e-05,1.0,1e-04
2.594658508314751e-05,1.0,1e-04
9.347010927740484e-05,1.0,1e-04
2.6437883207108825e-05,1.0,1e-04
6.989284884184599e-05,1.0,1e-04
2.4382972696912475e-05,1.0,1e-04
2.460283212712966e-05,1.0,1e-04
3.0532268283423036e-05,1.0,1e-04
5.9181889810133725e-05,1.0,1e-04
5.630333907902241e-05,1.0,1e-04
2.798734203679487e-05,1.0,1e-04
7.253630610648543e-05,1.0,1e-04
3.139383261441253e-05,1.0,1e-04
4.4866454118164256e-05,1.0,1e-04
5.695989966625348e-05,1.0,1e-04
2.7419715479481965e-05,1.0,1e-04
2.852592479030136e-05,1.0,1e-04
4.576458013616502e-05,1.0,1e-04
0.00017140692216344178,1.0,1e-04
3.8795795262558386e-05,1.0,1e-04
5.08954435645137e-05,1.0,1e-04
4.403170169098303e-05,1.0,1e-04
2.803630195558071e-05,1.0,1e-04
0.0003164388472214341,1.0,1e-04
3.8448008126579225e-05,1.0,1e-04
4.706498657469638e-05,1.0,1e-04
2.7375541321816854e-05,1.0,1e-04
0.00017963584105018526,1.0,1e-04
5.662727926392108e-05,1.0,1e-04
6.110703543527052e-05,1.0,1e-04
2.477097041264642e-05,1.0,1e-04
4.498011912801303e-05,1.0,1e-04
2.8372835004120134e-05,1.0,1e-04
5.9539572248468176e-05,1.0,1e-04
8.301439083879814e-05,1.0,1e-04
2.459153620293364e-05,1.0,1e-04
3.503088737488724e-05,1.0,1e-04
2.8199938242323697e-05,1.0,1e-04
3.3864846045617014e-05,1.0,1e-04
5.063241405878216e-05,1.0,1e-04
3.720258973771706e-05,1.0,1e-04
2.5494777219137177e-05,1.0,1e-04
2.862853216356598e-05,1.0,1e-04
2.9625507522723638e-05,1.0,1e-04
4.353826443548314e-05,1.0,1e-04
2.4695544198038988e-05,1.0,1e-04
0.00011652646935544908,1.0,1e-04
6.83152029523626e-05,1.0,1e-04
2.4959084839792922e-05,1.0,1e-04
2.633782605698798e-05,1.0,1e-04
2.851787576219067e-05,1.0,1e-04
2.8296624805079773e-05,1.0,1e-04
3.6307777918409556e-05,1.0,1e-04
3.652327723102644e-05,1.0,1e-04
3.6302611988503486e-05,1.0,1e-04
2.542723814258352e-05,1.0,1e-04
3.742495027836412e-05,1.0,1e-04
2.3977014279807918e-05,1.0,1e-04
2.3827311451896094e-05,1.0,1e-04
3.7571739085251465e-05,1.0,1e-04
6.774975918233395e-05,1.0,1e-04
5.2789248002227396e-05,1.0,1e-04
3.508894951664843e-05,1.0,1e-04
0.0003505878266878426,1.0,1e-04
4.766479105455801e-05,1.0,1e-04
0.00012155918375356123,1.0,1e-04
0.00010998584184562787,1.0,1e-04
4.275011451682076e-05,1.0,1e-04
2.6738778615253977e-05,1.0,1e-04
6.276581552810967e-05,1.0,1e-04
0.0003438419080339372,1.0,1e-04
2.627356479933951e-05,1.0,1e-04
4.2202060285490006e-05,1.0,1e-04
3.505211861920543e-05,1.0,1e-04
8.71326556080021e-05,1.0,1e-04
5.312052235240117e-05,1.0,1e-04
4.581160101224668e-05,1.0,1e-04
3.176149039063603e-05,1.0,1e-04
3.073750121984631e-05,1.0,1e-04
2.5102763174800202e-05,1.0,1e-04
2.9272778192535043e-05,1.0,1e-04
2.6939735107589513e-05,1.0,1e-04
2.6276875360053964e-05,1.0,1e-04
2.89358249574434e-05,1.0,1e-04
2.2960488422540948e-05,1.0,1e-04
2.795956788759213e-05,1.0,1e-04
4.876014281762764e-05,1.0,1e-04
2.5751811335794628e-05,1.0,1e-04
2.6949748644256033e-05,1.0,1e-04
3.545522122294642e-05,1.0,1e-04
2.3134633011068217e-05,1.0,1e-04
4.8137710109585896e-05,1.0,1e-04
2.6804644221556373e-05,1.0,1e-04
2.127442348864861e-05,1.0,1e-04
2.9198909032857046e-05,1.0,1e-04
8.922289998736233e-05,1.0,1e-04
4.06906328862533e-05,1.0,1e-04
3.9349921280518174e-05,1.0,1e-04
2.932168536062818e-05,1.0,1e-04
3.323485725559294e-05,1.0,1e-04
2.5175651899189688e-05,1.0,1e-04
2.270286677230615e-05,1.0,1e-04
2.0479721570154652e-05,1.0,1e-04
3.1126110116019845e-05,1.0,1e-04
0.00010346022463636473,1.0,1e-04
2.754088018264156e-05,1.0,1e-04
3.048812686756719e-05,1.0,1e-04
2.3794820663169958e-05,1.0,1e-04
2.0199599020997994e-05,1.0,1e-04
3.990548793808557e-05,1.0,1e-04
2.7606489311438054e-05,1.0,1e-04
4.981796519132331e-05,1.0,1e-04
2.2884974896442145e-05,1.0,1e-04
2.5727156753418967e-05,1.0,1e-04
2.3442533347406425e-05,1.0,1e-04
4.8512581997783855e-05,1.0,1e-04
5.1575323595898226e-05,1.0,1e-04
2.9120164981577545e-05,1.0,1e-04
2.4085366021608934e-05,1.0,1e-04
3.212680894648656e-05,1.0,1e-04
2.8231630494701676e-05,1.0,1e-04
2.3449776563211344e-05,1.0,1e-04
5.4531203204533085e-05,1.0,1e-04
4.393644485389814e-05,1.0,1e-04
4.157840521656908e-05,1.0,1e-04
0.00010205514263361692,1.0,1e-04
2.7237767426413484e-05,1.0,1e-04
5.5400756536982954e-05,1.0,1e-04
1.925392461998854e-05,1.0,1e-04
2.0137347746640444e-05,1.0,1e-04
2.8406535420799628e-05,1.0,1e-04
4.435848677530885e-05,1.0,1e-04
1.8862525394069962e-05,1.0,1e-04
2.095848321914673e-05,1.0,1e-04
4.063402957399376e-05,1.0,1e-04
4.128078944631852e-05,1.0,1e-04
6.034768375684507e-05,1.0,1e-04
4.2179184674751014e-05,1.0,1e-04
3.3940850698854774e-05,1.0,1e-04
2.1274432583595626e-05,1.0,1e-04
3.0249368137447163e-05,1.0,1e-04
2.1486193872988224e-05,1.0,1e-04
3.0123634132905863e-05,1.0,1e-04
2.515557389415335e-05,1.0,1e-04
2.4653707441757433e-05,1.0,1e-04
2.087971915898379e-05,1.0,1e-04
5.9585720009636134e-05,1.0,1e-04
2.6919095034827478e-05,1.0,1e-04
2.4563643819419667e-05,1.0,1e-04
3.9462251152144745e-05,1.0,1e-04
1.860955308075063e-05,1.0,1e-04
4.4635366066358984e-05,1.0,1e-04
2.2465737856691703e-05,1.0,1e-04
3.225851833121851e-05,1.0,1e-04
3.864555765176192e-05,1.0,1e-04
8.055468060774729e-05,1.0,1e-04
8.27172989374958e-05,1.0,1e-04
2.3016475097392686e-05,1.0,1e-04
2.3276961655938067e-05,1.0,1e-04
2.063465399260167e-05,1.0,1e-04
2.7045596652897075e-05,1.0,1e-04
4.450967026059516e-05,1.0,1e-04
0.00016630328900646418,1.0,1e-04
2.3421189325745218e-05,1.0,1e-04
3.248789653298445e-05,1.0,1e-04
5.610660809907131e-05,1.0,1e-04
4.834686842514202e-05,1.0,1e-04
0.00011644080223049968,1.0,1e-04
3.3039650588762015e-05,1.0,1e-04
2.3743878045934252e-05,1.0,1e-04
2.0356534150778316e-05,1.0,1e-04
1.9362481907592155e-05,1.0,1e-04
2.5070321498787962e-05,1.0,1e-04
2.979121927637607e-05,1.0,1e-04
1.9249941033194773e-05,1.0,1e-04
0.00011263519991189241,1.0,1e-04
4.516394983511418e-05,1.0,1e-04
2.8359429052216e-05,1.0,1e-04
2.6892645109910518e-05,1.0,1e-04
2.153726018150337e-05,1.0,1e-04
3.4913224226329476e-05,1.0,1e-04
7.033364818198606e-05,1.0,1e-04
3.0511469958582893e-05,1.0,1e-04
1.826121297199279e-05,1.0,1e-04
4.980475205229595e-05,1.0,1e-04
3.730347816599533e-05,1.0,1e-04
3.677634958876297e-05,1.0,1e-04
2.7364336347091012e-05,1.0,1e-04
2.2094231098890305e-05,1.0,1e-04
1.9990906366729178e-05,1.0,1e-04
5.6506476539652795e-05,1.0,1e-04
1.9978398995590396e-05,1.0,1e-04
1.8919483409263194e-05,1.0,1e-04
2.3450855223927647e-05,1.0,1e-04
1.815320320019964e-05,1.0,1e-04
7.544881373178214e-05,1.0,1e-04
2.0686218704213388e-05,1.0,1e-04
2.7436321033746935e-05,1.0,1e-04
2.532060898374766e-05,1.0,1e-04
3.679356086649932e-05,1.0,1e-04
3.605427627917379e-05,1.0,1e-04
2.8636231945711188e-05,1.0,1e-04
2.591398879303597e-05,1.0,1e-04
2.759361086646095e-05,1.0,1e-04
4.62463685835246e-05,1.0,1e-04
3.548167660483159e-05,1.0,1e-04
2.833104008459486e-05,1.0,1e-04
2.0243240214767866e-05,1.0,1e-04
5.258017699816264e-05,1.0,1e-04
0.00010570984886726364,1.0,1e-04
3.109528188360855e-05,1.0,1e-04
6.0993708757450804e-05,1.0,1e-04
1.7923426639754325e-05,1.0,1e-04
2.1410774934338406e-05,1.0,1e-04
2.2927159079699777e-05,1.0,1e-04
0.00011513195931911469,1.0,1e-04
5.1763272495009005e-05,1.0,1e-04
4.681811333284713e-05,1.0,1e-04
3.2959269447019324e-05,1.0,1e-04
2.7810181563836522e-05,1.0,1e-04
2.5157469281111844e-05,1.0,1e-04
0.00020390759164001793,1.0,1e-04
2.7496489565237425e-05,1.0,1e-04
2.782445699267555e-05,1.0,1e-04
2.6826493922271766e-05,1.0,1e-04
2.8571916118380614e-05,1.0,1e-04
1.7435377230867743e-05,1.0,1e-04
2.044065149675589e-05,1.0,1e-04
1.7541980923851952e-05,1.0,1e-04
6.98096991982311e-05,1.0,1e-04
2.7589150704443455e-05,1.0,1e-04
6.102189945522696e-05,1.0,1e-04
3.507902147248387e-05,1.0,1e-04
3.145246591884643e-05,1.0,1e-04
1.807301123335492e-05,1.0,1e-04
0.00021060131257399917,1.0,1e-04
4.9494425184093416e-05,1.0,1e-04
3.0458786568487994e-05,1.0,1e-04
2.7448344553704374e-05,1.0,1e-04
6.096501601859927e-05,1.0,1e-04
2.4005754312383942e-05,1.0,1e-04
2.3787515601725318e-05,1.0,1e-04
3.143674257444218e-05,1.0,1e-04
2.783823583740741e-05,1.0,1e-04
0.00011289703252259642,1.0,1e-04
7.471116987289861e-05,1.0,1e-04
2.8499402105808258e-05,1.0,1e-04
6.599098560400307e-05,1.0,1e-04
2.1741849195677787e-05,1.0,1e-04
5.6652792409295216e-05,1.0,1e-04
0.00011800280481111258,1.0,1e-04
3.251341331633739e-05,1.0,1e-04
2.4119035515468568e-05,1.0,1e-04
0.0001580532407388091,1.0,1e-04
2.2692905986332335e-05,1.0,1e-04
2.1215419110376388e-05,1.0,1e-04
2.304970803379547e-05,1.0,1e-04
6.499749724753201e-05,1.0,1e-04
3.1924784707371145e-05,1.0,1e-04
3.8929480069782585e-05,1.0,1e-04
2.1247915356070735e-05,1.0,1e-04
2.0332501662778668e-05,1.0,1e-04
2.1237958208075725e-05,1.0,1e-04
2.043066888290923e-05,1.0,1e-04
1.8886998077505268e-05,1.0,1e-04
1.808106571843382e-05,1.0,1e-04
2.6095365683431737e-05,1.0,1e-04
3.943726187571883e-05,1.0,1e-04
0.00012031164078507572,1.0,1e-04
2.4870030756574124e-05,1.0,1e-04
3.746964648598805e-05,1.0,1e-04
3.0623010388808325e-05,1.0,1e-04
1.6856574802659452e-05,1.0,1e-04
2.0630019207601435e-05,1.0,1e-04
1.8635328160598874e-05,1.0,1e-04
3.3656368032097816e-05,1.0,1e-04
2.1784291675430723e-05,1.0,1e-04
3.476736310403794e-05,1.0,1e-04
8.507338498020545e-05,1.0,1e-04
1.942933158716187e-05,1.0,1e-04
3.402186121093109e-05,1.0,1e-04
3.320367613923736e-05,1.0,1e-04
3.6113389796810225e-05,1.0,1e-04
2.1367037334130146e-05,1.0,1e-04
2.0598699848051183e-05,1.0,1e-04
1.9822728063445538e-05,1.0,1e-04
1.836181036196649e-05,1.0,1e-04
2.437885086692404e-05,1.0,1e-04
1.839159995142836e-05,1.0,1e-04
2.093183866236359e-05,1.0,1e-04
4.932045339955948e-05,1.0,1e-04
1.795324351405725e-05,1.0,1e-04
1.701086512184702e-05,1.0,1e-04
0.00011636589624686167,1.0,1e-04
6.28196430625394e-05,1.0,1e-04
2.7273437808617018e-05,1.0,1e-04
2.3054362827679142e-05,1.0,1e-04
1.6285055608022958e-05,1.0,1e-04
6.207163824001327e-05,1.0,1e-04
1.608570892130956e-05,1.0,1e-04
3.8809219404356554e-05,1.0,1e-04
2.7558569854591042e-05,1.0,1e-04
3.6099543649470434e-05,1.0,1e-04
4.047570109833032e-05,1.0,1e-04
6.48205605102703e-05,1.0,1e-04
2.7356119971955195e-05,1.0,1e-04
2.4583301637903787e-05,1.0,1e-04
1.694463389867451e-05,1.0,1e-04
1.5016188626759686e-05,1.0,1e-04
0.00011695762077579275,1.0,1e-04
5.446832801681012e-05,1.0,1e-04
6.004127499181777e-05,1.0,1e-04
4.108270150027238e-05,1.0,1e-04
2.4994014893309213e-05,1.0,1e-04
2.106365172949154e-05,1.0,1e-04
2.0173018128843978e-05,1.0,1e-04
1.8169779650634155e-05,1.0,1e-04
2.884485547838267e-05,1.0,1e-04
2.6079360395669937e-05,1.0,1e-04
9.872914233710617e-05,1.0,1e-04
1.957836684596259e-05,1.0,1e-04
3.122271300526336e-05,1.0,1e-04
4.589785385178402e-05,1.0,1e-04
1.9673645510920323e-05,1.0,1e-04
2.7671880161506124e-05,1.0,1e-04
1.7532047422719188e-05,1.0,1e-04
1.832668567658402e-05,1.0,1e-04
2.3355494704446755e-05,1.0,1e-04
4.3016774725401774e-05,1.0,1e-04
1.5654568414902315e-05,1.0,1e-04
2.7591247999225743e-05,1.0,1e-04
0.00015841978893149644,1.0,1e-04
1.4225453014660161e-05,1.0,1e-04
5.0542781536933035e-05,1.0,1e-04
1.4910875506757293e-05,1.0,1e-04
1.95220454770606e-05,1.0,1e-04
3.3059866836993024e-05,1.0,1e-04
3.3332926250295714e-05,1.0,1e-04
1.807506851037033e-05,1.0,1e-04
2.198025322286412e-05,1.0,1e-04
1.6443322238046676e-05,1.0,1e-04
2.7117785066366196e-05,1.0,1e-04
1.7251260942430235e-05,1.0,1e-04
2.175353074562736e-05,1.0,1e-04
2.027969094342552e-05,1.0,1e-04
0.00012441794387996197,1.0,1e-04
7.771932723699138e-05,1.0,1e-04
3.481338353594765e-05,1.0,1e-04
1.6657224477967247e-05,1.0,1e-04
1.8111453755409457e-05,1.0,1e-04
0.00013706472236663103,1.0,1e-04
2.891348412958905e-05,1.0,1e-04
1.7265174392377958e-05,1.0,1e-04
3.3468735637143254e-05,1.0,1e-04
2.0197530830046162e-05,1.0,1e-04
2.5258063033106737e-05,1.0,1e-04
1.704718488326762e-05,1.0,1e-04
2.7664857043419033e-05,1.0,1e-04
2.0570378183037974e-05,1.0,1e-04
2.379120996920392e-05,1.0,1e-04
1.807699845812749e-05,1.0,1e-04
3.279376323916949e-05,1.0,1e-04
1.6445246728835627e-05,1.0,1e-04
1.8867774997488596e-05,1.0,1e-04
6.608588591916487e-05,1.0,1e-04
1.507443539594533e-05,1.0,1e-04
1.6834683265187778e-05,1.0,1e-04
1.6025389413698576e-05,1.0,1e-04
2.0743918867083266e-05,1.0,1e-04
2.4850987756508403e-05,1.0,1e-04
1.4920105968485586e-05,1.0,1e-04
2.565377508290112e-05,1.0,1e-04
1.7594265955267474e-05,1.0,1e-04
9.566987137077376e-05,1.0,1e-04
1.4800250028201845e-05,1.0,1e-04
1.733135650283657e-05,1.0,1e-04
2.9028364224359393e-05,1.0,1e-04
0.00012620579218491912,1.0,1e-04
1.697835796221625e-05,1.0,1e-04
1.571946449985262e-05,1.0,1e-04
1.8973030819324777e-05,1.0,1e-04
2.2643098418484442e-05,1.0,1e-04
1.3338686585484538e-05,1.0,1e-04
1.853532921813894e-05,1.0,1e-04
0.00010598784137982875,1.0,1e-04
2.1920513972872868e-05,1.0,1e-04
2.359850077482406e-05,1.0,1e-04
2.2351736333803274e-05,1.0,1e-04
2.6968504243995994e-05,1.0,1e-04
2.0679563021985814e-05,1.0,1e-04
3.119356915703975e-05,1.0,1e-04
1.5583724234602414e-05,1.0,1e-04
1.5346631698776037e-05,1.0,1e-04
4.021234417450614e-05,1.0,1e-04
1.634727777855005e-05,1.0,1e-04
5.437363506644033e-05,1.0,1e-04
3.4742188290692866e-05,1.0,1e-04
2.128614687535446e-05,1.0,1e-04
2.36528467212338e-05,1.0,1e-04
1.696248546068091e-05,1.0,1e-04
2.916188896051608e-05,1.0,1e-04
1.3040007615927607e-05,1.0,1e-04
1.899755807244219e-05,1.0,1e-04
1.5012809853942599e-05,1.0,1e-04
1.7999502233578824e-05,1.0,1e-04
0.00014588840713258833,1.0,1e-04
1.4409522918867879e-05,1.0,1e-04
1.5072458154463675e-05,1.0,1e-04
1.7035941709764302e-05,1.0,1e-04
2.0199506252538413e-05,1.0,1e-04
1.5067138519953005e-05,1.0,1e-04
1.4067160918784793e-05,1.0,1e-04
1.8510152585804462e-05,1.0,1e-04
3.1774252420291305e-05,1.0,1e-04
1.872269785962999e-05,1.0,1e-04
2.514803782105446e-05,1.0,1e-04
2.1568566808127798e-05,1.0,1e-04
1.77889596670866e-05,1.0,1e-04
1.67320449691033e-05,1.0,1e-04
1.6886324374354444e-05,1.0,1e-04
1.628306563361548e-05,1.0,1e-04
1.420552780473372e-05,1.0,1e-04
2.57449228229234e-05,1.0,1e-04
2.5398194338777103e-05,1.0,1e-04
1.4875019587634597e-05,1.0,1e-04
2.3235716071212664e-05,1.0,1e-04
1.9096776668448e-05,1.0,1e-04
1.553536276333034e-05,1.0,1e-04
3.6283738154452294e-05,1.0,1e-04
3.6689216358354315e-05,1.0,1e-04
3.1655767088523135e-05,1.0,1e-04
1.5383709978777915e-05,1.0,1e-04
4.01258330384735e-05,1.0,1e-04
1.5469775462406687e-05,1.0,1e-04
1.325721405009972e-05,1.0,1e-04
2.084110747091472e-05,1.0,1e-04
2.06053773581516e-05,1.0,1e-04
1.5452553270733915e-05,1.0,1e-04
3.287861181888729e-05,1.0,1e-04
1.636510933167301e-05,1.0,1e-04
5.475644866237417e-05,1.0,1e-04
2.1134314010851085e-05,1.0,1e-04
2.4934472094173543e-05,1.0,1e-04
1.9246457668486983e-05,1.0,1e-04
1.402741781930672e-05,1.0,1e-04
1.574395901116077e-05,1.0,1e-04
1.898354821605608e-05,1.0,1e-04
1.750815863488242e-05,1.0,1e-04
1.7603279047762044e-05,1.0,1e-04
1.304529814660782e-05,1.0,1e-04
3.5308323276694864e-05,1.0,1e-04
1.6272388165816665e-05,1.0,1e-04
2.201359711762052e-05,1.0,1e-04
1.4475075658992864e-05,1.0,1e-04
1.7946553271031007e-05,1.0,1e-04
1.3184345334593672e-05,1.0,1e-04
1.581544529472012e-05,1.0,1e-04
1.4710821233165916e-05,1.0,1e-04
3.321689655422233e-05,1.0,1e-04
1.1504904250614345e-05,1.0,1e-04
3.935873610316776e-05,1.0,1e-04
3.9140493754530326e-05,1.0,1e-04
1.43426395879942e-05,1.0,1e-04
0.00010492834553588182,1.0,1e-04
1.6573019820498303e-05,1.0,1e-04
2.613235301396344e-05,1.0,1e-04
1.868282379291486e-05,1.0,1e-04
1.2616160347533878e-05,1.0,1e-04
1.714658174023498e-05,1.0,1e-04
2.718175164773129e-05,1.0,1e-04
2.992674126289785e-05,1.0,1e-04
2.354157368245069e-05,1.0,1e-04
1.3114113244228065e-05,1.0,1e-04
1.5657204130548052e-05,1.0,1e-04
4.167697625234723e-05,1.0,1e-04
1.5420058844028972e-05,1.0,1e-04
4.633166463463567e-05,1.0,1e-04
2.0822601072723046e-05,1.0,1e-04
1.879289084172342e-05,1.0,1e-04
1.2656560102186631e-05,1.0,1e-04
1.350423463009065e-05,1.0,1e-04
1.2088990843039937e-05,1.0,1e-04
1.46704405779019e-05,1.0,1e-04
2.648042209330015e-05,1.0,1e-04
2.46540494117653e-05,1.0,1e-04
1.6167101421160623e-05,1.0,1e-04
1.7310137991444208e-05,1.0,1e-04
1.3838004633726086e-05,1.0,1e-04
1.3522113476938102e-05,1.0,1e-04
2.978573138534557e-05,1.0,1e-04
1.476118359278189e-05,1.0,1e-04
1.6982206943794154e-05,1.0,1e-04
3.411543002584949e-05,1.0,1e-04
0.00017313876014668494,1.0,1e-04
5.3740557632409036e-05,1.0,1e-04
1.7672009562375024e-05,1.0,1e-04
2.518386099836789e-05,1.0,1e-04
4.523693132796325e-05,1.0,1e-04
4.578396328724921e-05,1.0,1e-04
1.2490337212511804e-05,1.0,1e-04
1.2860517017543316e-05,1.0,1e-04
2.7242262149229646e-05,1.0,1e-04
1.316450197919039e-05,1.0,1e-04
3.0281324143288657e-05,1.0,1e-04
2.1641839339281432e-05,1.0,1e-04
1.5031374459795188e-05,1.0,1e-04
2.15583586395951e-05,1.0,1e-04
1.210621849168092e-05,1.0,1e-04
1.1289005669823382e-05,1.0,1e-04
1.4177750017552171e-05,1.0,1e-04
1.2806210179405753e-05,1.0,1e-04
1.2198282092867885e-05,1.0,1e-04
2.282430068589747e-05,1.0,1e-04
3.0273766242316924e-05,1.0,1e-04
1.2098264051019214e-05,1.0,1e-04
1.1394299690437037e-05,1.0,1e-04
3.0369557862286456e-05,1.0,1e-04
0.0002102476282743737,1.0,1e-04
1.7667633073870093e-05,1.0,1e-04
1.5873727534199134e-05,1.0,1e-04
1.3559856597566977e-05,1.0,1e-04
3.219698555767536e-05,1.0,1e-04
2.4709361241548322e-05,1.0,1e-04
1.744591281749308e-05,1.0,1e-04
6.974061398068443e-05,1.0,1e-04
1.3497587133315392e-05,1.0,1e-04
1.508037621533731e-05,1.0,1e-04
1.8410735719953664e-05,1.0,1e-04
1.7001410014927387e-05,1.0,1e-04
3.672243838082068e-05,1.0,1e-04
2.774790300463792e-05,1.0,1e-04
1.3687691534869373e-05,1.0,1e-04
1.680749119259417e-05,1.0,1e-04
1.4014135558682028e-05,1.0,1e-04
1.2892295671917964e-05,1.0,1e-04
1.809824607335031e-05,1.0,1e-04
5.568886626861058e-05,1.0,1e-04
2.1103427570778877e-05,1.0,1e-04
1.8749771697912365e-05,1.0,1e-04
2.581766966613941e-05,1.0,1e-04
1.4908182492945343e-05,1.0,1e-04
0.0012535289861261845,1.0,1e-04
2.1319512597983703e-05,1.0,1e-04
2.0787856556125917e-05,1.0,1e-04
5.6592161854496226e-05,1.0,1e-04
3.979462417191826e-05,1.0,1e-04
0.0005886119906790555,1.0,1e-04
8.692310802871361e-05,1.0,1e-04
7.374364213319495e-05,1.0,1e-04
3.6029465263709426e-05,1.0,1e-04
3.635170287452638e-05,1.0,1e-04
5.018982119509019e-05,1.0,1e-04
0.00011041709512937814,1.0,1e-04
0.0006142653874121606,1.0,1e-04
2.959191806439776e-05,1.0,1e-04
3.307602310087532e-05,1.0,1e-04
2.6269490263075568e-05,1.0,1e-04
6.138197932159528e-05,1.0,1e-04
3.466791531536728e-05,1.0,1e-04
7.207186718005687e-05,1.0,1e-04
3.192326403222978e-05,1.0,1e-04
3.5436551115708426e-05,1.0,1e-04
3.3384989365004e-05,1.0,1e-04
4.888413968728855e-05,1.0,1e-04
2.175239205826074e-05,1.0,1e-04
2.110607056238223e-05,1.0,1e-04
6.853642116766423e-05,1.0,1e-04
2.3417360353050753e-05,1.0,1e-04
2.8399093935149722e-05,1.0,1e-04
1.9143883037031628e-05,1.0,1e-04
3.442370143602602e-05,1.0,1e-04
6.927694630576298e-05,1.0,1e-04
4.640866973204538e-05,1.0,1e-04
3.0311439331853762e-05,1.0,1e-04
2.0143903384450823e-05,1.0,1e-04
2.097366814268753e-05,1.0,1e-04
1.558169606141746e-05,1.0,1e-04
2.4390436010435224e-05,1.0,1e-04
1.4912809092493262e-05,1.0,1e-04
2.2589487343793735e-05,1.0,1e-04
1.716376755211968e-05,1.0,1e-04
2.2623889890382998e-05,1.0,1e-04
5.148839045432396e-05,1.0,1e-04
4.659774276660755e-05,1.0,1e-04
2.050121474894695e-05,1.0,1e-04
1.9192077161278576e-05,1.0,1e-04
1.8277696653967723e-05,1.0,1e-04
1.4883031326462515e-05,1.0,1e-04
1.6760423022788018e-05,1.0,1e-04
4.7404118959093466e-05,1.0,1e-04
1.3026084161538165e-05,1.0,1e-04
2.365363070566673e-05,1.0,1e-04
2.494597174518276e-05,1.0,1e-04
1.5576317309751175e-05,1.0,1e-04
3.975164145231247e-05,1.0,1e-04
1.7792752259992994e-05,1.0,1e-04
1.3288331501826178e-05,1.0,1e-04
1.3317477169039194e-05,1.0,1e-04
2.6717370928963646e-05,1.0,1e-04
1.8776150682242587e-05,1.0,1e-04
3.8539186789421365e-05,1.0,1e-04
1.5713445463916287e-05,1.0,1e-04
1.8822011043084785e-05,1.0,1e-04
1.9401337340241298e-05,1.0,1e-04
1.4637979802500922e-05,1.0,1e-04
0.00013470968406181782,1.0,1e-04
1.0976412340824027e-05,1.0,1e-04
1.3701544048672076e-05,1.0,1e-04
1.2151897863077465e-05,1.0,1e-04
1.1336665920680389e-05,1.0,1e-04
3.1917181331664324e-05,1.0,1e-04
1.4874407497700304e-05,1.0,1e-04
1.614844768482726e-05,1.0,1e-04
1.2771101864927914e-05,1.0,1e-04
3.0476163374260068e-05,1.0,1e-04
1.1884993000421673e-05,1.0,1e-04
3.593640212784521e-05,1.0,1e-04
1.7520740584586747e-05,1.0,1e-04
1.724777575873304e-05,1.0,1e-04
2.5354664103360847e-05,1.0,1e-04
2.113650771207176e-05,1.0,1e-04
1.2008837984467391e-05,1.0,1e-04
1.129561223933706e-05,1.0,1e-04
1.2041890840919223e-05,1.0,1e-04
1.7462345567764714e-05,1.0,1e-04
1.7958915123017505e-05,1.0,1e-04
1.2612813407031354e-05,1.0,1e-04
1.759886617946904e-05,1.0,1e-04
1.21995726658497e-05,1.0,1e-04
1.1171747246407904e-05,1.0,1e-04
1.5441908544744365e-05,1.0,1e-04
1.0222096534562297e-05,1.0,1e-04
2.182321077270899e-05,1.0,1e-04
1.217768294736743e-05,1.0,1e-04
0.00012300314847379923,1.0,1e-04
2.4249775378848426e-05,1.0,1e-04
1.6297448382829316e-05,1.0,1e-04
1.1090955013060011e-05,1.0,1e-04
1.2847891412093304e-05,1.0,1e-04
2.4217444661189802e-05,1.0,1e-04
3.261890378780663e-05,1.0,1e-04
1.671473182796035e-05,1.0,1e-04
1.7261776520172134e-05,1.0,1e-04
2.4840139303705655e-05,1.0,1e-04
1.1172418453497812e-05,1.0,1e-04
3.262972313677892e-05,1.0,1e-04
1.4194902178132907e-05,1.0,1e-04
5.600669828709215e-05,1.0,1e-04
1.5680217984481715e-05,1.0,1e-04
1.4866456695017405e-05,1.0,1e-04
1.0592288163024932e-05,1.0,1e-04
2.8974776796530932e-05,1.0,1e-04
3.1210271117743105e-05,1.0,1e-04
1.4052453479962423e-05,1.0,1e-04
1.4114760233496781e-05,1.0,1e-04
1.885964593384415e-05,1.0,1e-04
3.6337536585051566e-05,1.0,1e-04
0.0003697214415296912,1.0,1e-04
1.3999471775605343e-05,1.0,1e-04
1.3681008567800745e-05,1.0,1e-04
2.706172745092772e-05,1.0,1e-04
5.200691521167755e-05,1.0,1e-04
1.3251852578832768e-05,1.0,1e-04
7.649853068869561e-05,1.0,1e-04
3.191075302311219e-05,1.0,1e-04
1.276448256248841e-05,1.0,1e-04
2.1168436433072202e-05,1.0,1e-04
1.538618016638793e-05,1.0,1e-04
1.3067104191577528e-05,1.0,1e-04
1.4620077308791224e-05,1.0,1e-04
1.2963140761712566e-05,1.0,1e-04
2.2516605895361863e-05,1.0,1e-04
2.3520147806266323e-05,1.0,1e-04
1.650473495828919e-05,1.0,1e-04
1.0168427252210677e-05,1.0,1e-04
1.8253120288136415e-05,1.0,1e-04
2.7739491997635923e-05,1.0,1e-04
1.0202206794929225e-05,1.0,1e-04
1.0658517567208037e-05,1.0,1e-04
5.673911437042989e-05,1.0,1e-04
1.533858448965475e-05,1.0,1e-04
1.2432668881956488e-05,1.0,1e-04
1.4652998288511299e-05,1.0,1e-04
9.95782102108933e-06,1.0,1e-04
7.513228774769232e-05,1.0,1e-04
1.4022039067640435e-05,1.0,1e-04
1.144724683399545e-05,1.0,1e-04
1.181146490125684e-05,1.0,1e-04
1.212009465234587e-05,1.0,1e-04
2.7918604246224277e-05,1.0,1e-04
2.0526968000922352e-05,1.0,1e-04
1.2848528967879247e-05,1.0,1e-04
0.00016559642972424626,1.0,1e-04
2.8934115107404068e-05,1.0,1e-04
2.0291516193537973e-05,1.0,1e-04
1.6411433534813114e-05,1.0,1e-04
2.137394949386362e-05,1.0,1e-04
1.5153813365031965e-05,1.0,1e-04
1.9561690351110883e-05,1.0,1e-04
1.6678208339726552e-05,1.0,1e-04
1.0835338798642624e-05,1.0,1e-04
2.1200634364504367e-05,1.0,1e-04
1.3423958989733364e-05,1.0,1e-04
1.1479053682705853e-05,1.0,1e-04
3.518526864354499e-05,1.0,1e-04
1.0777691386465449e-05,1.0,1e-04
4.163042831351049e-05,1.0,1e-04
1.9570945369196124e-05,1.0,1e-04
1.0090287105413154e-05,1.0,1e-04
1.6657149899401702e-05,1.0,1e-04
2.2442158297053538e-05,1.0,1e-04
1.7238618966075592e-05,1.0,1e-04
1.0296928849129472e-05,1.0,1e-04
2.1770196326542646e-05,1.0,1e-04
1.2969604540558066e-05,1.0,1e-04
2.9285942218848504e-05,1.0,1e-04
1.0139268852071837e-05,1.0,1e-04
2.9011385777266696e-05,1.0,1e-04
1.0858458153961692e-05,1.0,1e-04
1.6866442820173688e-05,1.0,1e-04
3.6622983316192403e-05,1.0,1e-04
9.505509297014214e-06,1.0,1e-04
1.729911491565872e-05,1.0,1e-04
1.064125171978958e-05,1.0,1e-04
1.3254471923573874e-05,1.0,1e-04
2.1650988855981268e-05,1.0,1e-04
5.270013934932649e-05,1.0,1e-04
1.287767372559756e-05,1.0,1e-04
2.964537634397857e-05,1.0,1e-04
8.442599209956825e-06,1.0,1e-04
7.590091991005465e-05,1.0,1e-04
5.1977378461742774e-05,1.0,1e-04
2.044408392976038e-05,1.0,1e-04
1.17333156595123e-05,1.0,1e-04
1.1380369869584683e-05,1.0,1e-04
1.832784437283408e-05,1.0,1e-04
1.834851900639478e-05,1.0,1e-04
5.9565580158960074e-05,1.0,1e-04
9.76844512479147e-06,1.0,1e-04
1.1483660273370333e-05,1.0,1e-04
1.4702889529871754e-05,1.0,1e-04
1.0624055903463159e-05,1.0,1e-04
1.2612111277121585e-05,1.0,1e-04
1.1543893378984649e-05,1.0,1e-04
9.03796808415791e-06,1.0,1e-04
2.2725378585164435e-05,1.0,1e-04
8.506172889610752e-06,1.0,1e-04
1.4588932572223712e-05,1.0,1e-04
1.0573692634352483e-05,1.0,1e-04
1.419290310877841e-05,1.0,1e-04
1.0698902769945562e-05,1.0,1e-04
1.4376966646523215e-05,1.0,1e-04
8.94207478268072e-05,1.0,1e-04
1.0903498150582891e-05,1.0,1e-04
1.9180164599674754e-05,1.0,1e-04
9.050542757904623e-06,1.0,1e-04
1.8536506104283035e-05,1.0,1e-04
1.3252364624349866e-05,1.0,1e-04
4.2068579205079004e-05,1.0,1e-04
1.302668715652544e-05,1.0,1e-04
4.6723795094294474e-05,1.0,1e-04
1.1945249752898235e-05,1.0,1e-04
1.039621201925911e-05,1.0,1e-04
3.268767613917589e-05,1.0,1e-04
9.291607057093643e-06,1.0,1e-04
2.8337915864540264e-05,1.0,1e-04
1.0251855201204307e-05,1.0,1e-04
1.1816762707894668e-05,1.0,1e-04
6.200723146321252e-05,1.0,1e-04
1.0094920980918687e-05,1.0,1e-04
8.843916475598235e-06,1.0,1e-04
9.947902071871795e-06,1.0,1e-04
1.023798540700227e-05,1.0,1e-04
9.431329999642912e-06,1.0,1e-04
1.4193547031027265e-05,1.0,1e-04
1.302140299230814e-05,1.0,1e-04
1.1667121725622565e-05,1.0,1e-04
8.508823157171719e-06,1.0,1e-04
8.590939614805393e-06,1.0,1e-04
8.487622835673392e-06,1.0,1e-04
9.057818715518806e-06,1.0,1e-04
7.498869763367111e-06,1.0,1e-04
1.5312809409806505e-05,1.0,1e-04
3.811246278928593e-05,1.0,1e-04
9.409499398316257e-06,1.0,1e-04
8.862563845468685e-05,1.0,1e-04
1.0170417226618156e-05,1.0,1e-04
3.132448546239175e-05,1.0,1e-04
1.642653478484135e-05,1.0,1e-04
3.8592748751398176e-05,1.0,1e-04
1.1809467650891747e-05,1.0,1e-04
7.804837878211401e-06,1.0,1e-04
7.896892384451348e-06,1.0,1e-04
1.1831283700303175e-05,1.0,1e-04
9.244567991117947e-06,1.0,1e-04
5.5025720939738676e-05,1.0,1e-04
1.2391596101224422e-05,1.0,1e-04
1.9905635781469755e-05,1.0,1e-04
1.273265661438927e-05,1.0,1e-04
8.537296707800124e-06,1.0,1e-04
4.1753613913897425e-05,1.0,1e-04
7.750529221084435e-06,1.0,1e-04
8.222716132877395e-06,1.0,1e-04
9.446524927625433e-06,1.0,1e-04
2.1691163055947982e-05,1.0,1e-04
1.1380330761312507e-05,1.0,1e-04
8.230651474150363e-06,1.0,1e-04
1.443601468054112e-05,1.0,1e-04
2.103837141476106e-05,1.0,1e-04
1.816884287109133e-05,1.0,1e-04
7.4955587479053065e-06,1.0,1e-04
7.255821856233524e-06,1.0,1e-04
1.561204953759443e-05,1.0,1e-04
8.03925831860397e-06,1.0,1e-04
1.5443878510268405e-05,1.0,1e-04
1.445514863007702e-05,1.0,1e-04
1.0496897630218882e-05,1.0,1e-04
1.8454935343470424e-05,1.0,1e-04
2.0073424821021035e-05,1.0,1e-04
1.3210767065174878e-05,1.0,1e-04
9.428007615497336e-06,1.0,1e-04
1.1088930477853864e-05,1.0,1e-04
8.74654324434232e-06,1.0,1e-04
9.85116002993891e-06,1.0,1e-04
1.140680797107052e-05,1.0,1e-04
1.0665767149475869e-05,1.0,1e-04
0.00013621184916701168,1.0,1e-04
7.700852620473597e-06,1.0,1e-04
1.4502757949230727e-05,1.0,1e-04
1.0641285371093545e-05,1.0,1e-04
4.654986332752742e-05,1.0,1e-04
2.404017504886724e-05,1.0,1e-04
8.591598998464178e-06,1.0,1e-04
1.1473700396891218e-05,1.0,1e-04
8.966427230916452e-06,1.0,1e-04
2.2660526155959815e-05,1.0,1e-04
9.300210876972415e-06,1.0,1e-04
1.2304824849707074e-05,1.0,1e-04
1.9676243027788587e-05,1.0,1e-04
2.3533626517746598e-05,1.0,1e-04
7.759802429063711e-06,1.0,1e-04
2.089601184707135e-05,1.0,1e-04
1.023332697513979e-05,1.0,1e-04
1.709090247459244e-05,1.0,1e-04
8.353848897968419e-06,1.0,1e-04
8.991600225272123e-06,1.0,1e-04
3.994707003585063e-05,1.0,1e-04
1.038432583300164e-05,1.0,1e-04
2.1702744561480358e-05,1.0,1e-04
9.332648915005848e-06,1.0,1e-04
1.113597954827128e-05,1.0,1e-04
7.1213821684068535e-06,1.0,1e-04
9.496880920778494e-06,1.0,1e-04
1.305714340560371e-05,1.0,1e-04
9.394229891768191e-06,1.0,1e-04
1.087639611796476e-05,1.0,1e-04
7.17370039637899e-06,1.0,1e-04
8.333296136697754e-06,1.0,1e-04
1.0968403330480214e-05,1.0,1e-04
1.2415277524269186e-05,1.0,1e-04
1.785366839612834e-05,1.0,1e-04
8.753844667808153e-06,1.0,1e-04
2.337440673727542e-05,1.0,1e-04
1.0469758308317978e-05,1.0,1e-04
5.004556442145258e-05,1.0,1e-04
1.5432317013619468e-05,1.0,1e-04
1.4033220395504031e-05,1.0,1e-04
0.0001227714092237875,1.0,1e-04
1.581996002641972e-05,1.0,1e-04
7.267076398420613e-06,1.0,1e-04
1.447364775231108e-05,1.0,1e-04
7.73395731812343e-06,1.0,1e-04
1.0876349733734969e-05,1.0,1e-04
9.157153726846445e-06,1.0,1e-04
1.0371708413003944e-05,1.0,1e-04
7.496213584090583e-06,1.0,1e-04
1.052328480000142e-05,1.0,1e-04
1.6935940948314965e-05,1.0,1e-04
1.7343059880658984e-05,1.0,1e-04
8.243242518801708e-06,1.0,1e-04
3.009683314303402e-05,1.0,1e-04
1.014722693071235e-05,1.0,1e-04
1.2347182746452745e-05,1.0,1e-04
3.237038981751539e-05,1.0,1e-04
9.653182132751681e-06,1.0,1e-04
2.2115216779639013e-05,1.0,1e-04
0.00020867733110208064,1.0,1e-04
2.0374873201944865e-05,1.0,1e-04
1.8741753592621535e-05,1.0,1e-04
1.2008060366497375e-05,1.0,1e-04
2.9500653909053653e-05,1.0,1e-04
7.992916835064534e-06,1.0,1e-04
9.940607924363576e-06,1.0,1e-04
3.851038854918443e-05,1.0,1e-04
9.14258180273464e-06,1.0,1e-04
8.035968676267657e-06,1.0,1e-04
2.0018514987896197e-05,1.0,1e-04
8.861126843839884e-06,1.0,1e-04
1.3063040569250006e-05,1.0,1e-04
1.1662425094982609e-05,1.0,1e-04
1.9669256289489567e-05,1.0,1e-04
1.4756480595679022e-05,1.0,1e-04
1.0835966349986847e-05,1.0,1e-04
1.7214684703503735e-05,1.0,1e-04
7.208800070657162e-06,1.0,1e-04
2.2945307136978954e-05,1.0,1e-04
8.522699317836668e-06,1.0,1e-04
1.0037274478236213e-05,1.0,1e-04
1.001148484647274e-05,1.0,1e-04
1.2473752576624975e-05,1.0,1e-04
8.455172974208836e-06,1.0,1e-04
4.614215868059546e-05,1.0,1e-04
7.165088845795253e-06,1.0,1e-04
9.453193342778832e-06,1.0,1e-04
7.025349077594001e-06,1.0,1e-04
8.134632480505388e-06,1.0,1e-04
9.521400897938292e-06,1.0,1e-04
2.840701927198097e-05,1.0,1e-04
6.885615675855661e-06,1.0,1e-04
9.044533726410009e-06,1.0,1e-04
8.190219887183048e-06,1.0,1e-04
7.570391971967183e-06,1.0,1e-04
7.949201062729117e-06,1.0,1e-04
6.698194738419261e-06,1.0,1e-04
7.141641981434077e-05,1.0,1e-04
2.4636376110720448e-05,1.0,1e-04
1.4325971278594807e-05,1.0,1e-04
3.190833376720548e-05,1.0,1e-04
2.3796726964064874e-05,1.0,1e-04
0.0001500761427450925,1.0,1e-04
1.3330576621228829e-05,1.0,1e-04
8.196221642720047e-06,1.0,1e-04
9.306176252721343e-06,1.0,1e-04
7.7001868703519e-06,1.0,1e-04
3.778630343731493e-05,1.0,1e-04
1.2829923434765078e-05,1.0,1e-04
7.5644243224815e-06,1.0,1e-04
2.3365877495962195e-05,1.0,1e-04
1.3052489521214738e-05,1.0,1e-04
1.1119396731373854e-05,1.0,1e-04
1.1212740901100915e-05,1.0,1e-04
1.0392240255896468e-05,1.0,1e-04
6.3399083956028335e-06,1.0,1e-04
7.07103026797995e-06,1.0,1e-04
1.0254522749164607e-05,1.0,1e-04
2.0933770429110155e-05,1.0,1e-04
8.747137144382577e-06,1.0,1e-04
7.808137524989434e-06,1.0,1e-04
6.365073204506189e-06,1.0,1e-04
1.2984315617359243e-05,1.0,1e-04
1.622314812266268e-05,1.0,1e-04
6.760433279850986e-06,1.0,1e-04
9.28364443097962e-06,1.0,1e-04
2.0477373254834674e-05,1.0,1e-04
1.090614478016505e-05,1.0,1e-04
1.1445915333752055e-05,1.0,1e-04
2.6900646844296716e-05,1.0,1e-04
1.2394209079502616e-05,1.0,1e-04
3.223656312911771e-05,1.0,1e-04
